Krank_Acisi_deg,Analitik_theta3_deg,Simscape_theta3_deg,Hata_theta3_deg,Analitik_theta5_deg,Simscape_theta5_deg,Hata_theta5_deg,Analitik_omega3_deg_s,Simscape_omega3_deg_s,Hata_omega3_deg_s,Analitik_omega5_deg_s,Simscape_omega5_deg_s,Hata_omega5_deg_s,Analitik_alpha3_deg_s2,Simscape_alpha3_deg_s2,Hata_alpha3_deg_s2,Analitik_alpha5_deg_s2,Simscape_alpha5_deg_s2,Hata_alpha5_deg_s2
0,-59.4897625938844,-59.4897625939,-1.55537804857886e-11,-70.7115887759093,-70.7115887759,9.32232069317251e-12,-92.3076923076923,-92.3076923077212,-2.89617219095817e-11,65.852110993066,65.852110993067,1.05160324892495e-12,-2230.05572401566,-2230.05572401526,4.00632416130975e-10,-547.953035238671,-547.953035238684,-1.2732925824821e-11
1,-59.7547842338512,-59.7547842304273,3.42391359708927e-09,-70.5307826646283,-70.5307826652848,-6.56484644423472e-10,-98.5102968660858,-98.5102968619343,4.15147383137082e-09,64.3274291597029,64.3274291596494,-5.35038680027355e-11,-2235.25479072817,-2235.25479084283,-1.14655904326355e-07,-549.810630184465,-549.810630183497,9.67929736361839e-10
2,-60.0370509726102,-60.0370509682145,4.39577263477986e-09,-70.3542188925095,-70.3542188931081,-5.98546989749593e-10,-104.722552514119,-104.722552509122,4.99690600008762e-09,62.7976460994116,62.7976460993594,-5.22035747962946e-11,-2236.97438735065,-2236.97438750499,-1.54333520185901e-07,-551.626531506583,-551.626531505731,8.51741788210347e-10
3,-60.3365759650517,-60.3365759594895,5.56224222236779e-09,-70.181911473524,-70.1819114740684,-5.44417844139389e-10,-110.934546832937,-110.934546827051,5.88589443850651e-09,61.2628724884805,61.2628724884297,-5.07824893247744e-11,-2235.0379468457,-2235.03794704984,-2.04139723791741e-07,-553.404450938461,-553.404450937717,7.44080352887977e-10
4,-60.6533441621324,-60.6533441551871,6.94534918466161e-09,-70.0138741286156,-70.0138741291095,-4.93898255626846e-10,-117.135889895911,-117.135889889127,6.78403466736199e-09,59.7232085992088,59.7232085991596,-4.92335061608173e-11,-2229.27859426783,-2229.2785945335,-2.65672952082241e-07,-555.14816707901,-555.148167078363,6.4721916714916e-10
5,-60.9873110246848,-60.9873110161175,8.56726245501704e-09,-69.8501203148549,-69.8501203153017,-4.46817693955381e-10,-123.315744251221,-123.315744243573,7.64745777814824e-09,58.1787441186823,58.178744118635,-4.72724082101195e-11,-2219.54135983437,-2219.54136017497,-3.40593942382839e-07,-556.861522138735,-556.861522138178,5.56838131160475e-10
6,-61.3384013291135,-61.3384013186646,1.04489288332843e-08,-69.6906632550835,-69.6906632554866,-4.0307668314199e-10,-129.462861119037,-129.462861110617,8.42035774439864e-09,56.6295579766192,56.6295579765739,-4.52899939773488e-11,-2205.68543502457,-2205.68543545507,-4.3050658860011e-07,-558.548418664523,-558.548418664049,4.7418780013686e-10
7,-61.7065080823681,-61.7065080697578,1.26103643083297e-08,-69.5355159680247,-69.5355159683871,-3.62476271220658e-10,-135.565622876314,-135.565622867278,9.03631303117436e-09,55.0757181823306,55.0757181822874,-4.31512603427109e-11,-2187.58643750918,-2187.58643804615,-5.36970674147597e-07,-560.212816255266,-560.212816254866,4.00632416130975e-10
8,-62.0914915636416,-62.0914915485724,1.50692045508549e-08,-69.3846912988329,-69.3846912991578,-3.24959614772524e-10,-141.612091801624,-141.612091792206,9.41759026318323e-09,53.5172816708023,53.5172816707613,-4.10196321354306e-11,-2165.13864681446,-2165.13864747583,-6.61369085719343e-07,-561.85872827991,-561.858728279576,3.34807737090159e-10
9,-62.4931785100193,-62.4931784921785,1.78408043893796e-08,-69.2382019500599,-69.2382019503502,-2.90285129267431e-10,-147.59006494195,-147.590064932474,9.47548528529296e-09,51.9542941578781,51.9542941578393,-3.87814225177863e-11,-2138.25716933172,-2138.25717013658,-8.04860064818058e-07,-563.490218608883,-563.490218608606,2.77054823527578e-10
10,-62.9113614627558,-62.9113614418189,2.09369375170354e-08,-69.0960605130092,-69.0960605132676,-2.58410182141233e-10,-153.487134844695,-153.487134835582,9.11288111637987e-09,50.3867900044907,50.3867900044543,-3.64437369171355e-11,-2106.87998878827,-2106.87998975653,-9.68260792433284e-07,-565.111398369152,-565.111398368928,2.24076757149305e-10
11,-63.3457982899714,-63.3457982656057,2.43656756993005e-08,-68.9582794994558,-68.9582794996849,-2.29107399718487e-10,-159.290755773906,-159.290755765682,8.22458900984202e-09,48.8147920898637,48.8147920898296,-3.40207861881936e-11,-2070.96985678009,-2070.96985793212,-1.15203420136822e-06,-566.726422732383,-566.726422732203,1.80534698301926e-10
12,-63.7962119003262,-63.7962118721956,2.8130578755281e-08,-68.8248713737056,-68.824871373908,-2.02334149435046e-10,-164.98831490282,-164.988314896119,6.70027588967059e-09,47.2383116935784,47.2383116935469,-3.14699377668148e-11,-2030.51597759634,-2030.51597895246,-1.35611912810418e-06,-568.339487744866,-568.339487744727,1.3926637620898e-10
13,-64.2622901606435,-64.2622901284135,3.22300195421121e-08,-68.6958485849704,-68.6958485851483,-1.77863057615468e-10,-170.567207848647,-170.567207844219,4.42872760686441e-09,45.6573483863797,45.6573483863504,-2.92885715680313e-11,-1985.53544247824,-1985.5354440582,-1.57995668814692e-06,-569.954827206983,-569.954827206879,1.04705577541608e-10
14,-64.7436860285219,-64.7436859918649,3.66569850029919e-08,-68.571223600034,-68.5712236001896,-1.55637280840892e-10,-176.014917793771,-176.014917792473,1.29813315652427e-09,44.0718899295729,44.0718899295461,-2.68585154117318e-11,-1936.07437074766,-1936.07437257,-1.82234271051129e-06,-571.576709609083,-571.576709609006,7.74207364884205e-11
15,-65.2400179087154,-65.2400178673169,4.13985077329926e-08,-68.4510089361861,-68.4510089363216,-1.35500499709451e-10,-181.319097324121,-181.319097326917,-2.79621303889144e-09,42.4819121828475,42.4819121828231,-2.4414248400717e-11,-1882.20871896351,-1882.20872104497,-2.08146343538829e-06,-573.209435129642,-573.20943512959,5.27506927028298e-11
16,-65.7508702395041,-65.7508701930685,4.64356020302148e-08,-68.3352171944012,-68.3352171945185,-1.17339027383423e-10,-186.467652014443,-186.467652022393,-7.95083110460837e-09,40.8873790203455,40.8873790203233,-2.22755147660791e-11,-1824.04472441037,-1824.04472676519,-2.35482480093197e-06,-574.8573327006,-574.857332700566,3.38786776410416e-11
17,-66.2757943124596,-66.2757942607166,5.17429583624107e-08,-68.2238610927385,-68.2238610928396,-1.01039177025086e-10,-191.448824705284,-191.448824719532,-1.4248826119001e-08,39.2882422547863,39.2882422547664,-1.99165128833556e-11,-1761.71895572376,-1761.71895836307,-2.63930655819422e-06,-576.524757143689,-576.524757143671,1.78488335222937e-11
18,-66.8143093259828,-66.8143092686935,5.72892844274975e-08,-68.1169534999426,-68.116953500029,-8.64162075231434e-11,-196.251279351447,-196.251279373203,-2.17553690617933e-08,37.6844415694412,37.6844415694233,-1.78772552317241e-11,-1695.39795117813,-1695.39795410928,-2.93115613203554e-06,-578.216086380523,-578.216086380517,5.57065504835919e-12
19,-67.3659036698173,-67.36590360678,6.30372340992835e-08,-68.0145074692215,-68.0145074692949,-7.33848537493031e-11,-200.864183279509,-200.864183310023,-3.05137177747383e-08,36.0759044577561,36.0759044577402,-1.59161572810262e-11,-1625.27743390894,-1625.27743713503,-3.22609093927895e-06,-579.935718718054,-579.935718718058,-3.97903932025656e-12
20,-67.9300364344806,-67.9300363655366,6.89440327050761e-08,-67.9165362721829,-67.9165362722447,-6.18882722847047e-11,-205.277286675258,-205.277286715801,-4.05429432248638e-08,34.4625461704072,34.4625461703933,-1.38768996293948e-11,-1551.58110285656,-1551.58110637592,-3.51935750586563e-06,-581.688070209915,-581.688070209927,-1.15960574476048e-11
21,-68.5061391362916,-68.5061390613296,7.49620028273057e-08,-67.8230534329067,-67.8230534329585,-5.17701437274809e-11,-209.480998132351,-209.480998184186,-5.18351441769482e-08,32.8442696695822,32.8442696695701,-1.21360699267825e-11,-1474.55900820144,-1474.55901200734,-3.80590176973783e-06,-583.477572092946,-583.477572092961,-1.47792889038101e-11
22,-69.0936176454687,-69.0936175644296,8.10390901051505e-08,-67.7340727621356,-67.7340727621785,-4.29167812399101e-11,-213.46645513188,-213.46645519623,-6.43500186470192e-08,31.2209655902806,31.2209655902701,-1.05266906302859e-11,-1394.48553016896,-1394.48553424938,-4.0804150103213e-06,-585.308668297033,-585.308668297052,-1.88720150617883e-11
23,-69.6918543017247,-69.6918542146046,8.71200995788968e-08,-67.6496083915623,-67.6496083915975,-3.52002871295554e-11,-217.225588388805,-217.225588466824,-7.80196103278286e-08,29.5925122084318,29.5925122084227,-9.05941988094128e-12,-1311.65698995659,-1311.65699429422,-4.33762284046679e-06,-587.185813025169,-587.185813025189,-1.97815097635612e-11
24,-70.3002101989453,-70.3002101057981,9.31472641241271e-08,-67.5696748081975,-67.5696748082261,-2.85353962681256e-11,-220.751179094135,-220.751179186879,-9.27435905850871e-08,27.958775415642,27.9587754156345,-7.48912043491146e-12,-1226.38893081134,-1226.38893538366,-4.57232476946956e-06,-589.113468399374,-589.113468399393,-1.93267624126747e-11
25,-70.9180276180044,-70.9180275189428,9.90615944829187e-08,-67.4942868887982,-67.4942868888211,-2.286526523676e-11,-224.036908199202,-224.036908307595,-1.0839247011063e-07,26.3196087003975,26.3196087003912,-6.33093577562249e-12,-1139.01311561348,-1139.01312039312,-4.77964249512297e-06,-591.096102166878,-591.096102166898,-1.90993887372315e-11
26,-71.5446325845825,-71.5446324797787,1.04803845601964e-07,-67.4234599343393,-67.4234599343574,-1.80619963430217e-11,-227.077397027256,-227.077397152064,-1.24808764212503e-07,24.6748531355614,24.6748531355563,-5.10169684275752e-12,-1049.87429438699,-1049.87429934212,-4.95513177156681e-06,-593.13818545965,-593.138185459668,-1.76214598468505e-11
27,-72.1793375270842,-72.1793374167684,1.10315809820349e-07,-67.3572097045123,-67.3572097045264,-1.406874616805e-11,-229.868238654105,-229.868238795916,-1.41810318154967e-07,23.02433737203,23.0243373720259,-4.17799128626939e-12,-959.32680069301,-959.326805788002,-5.09499216150289e-06,-595.244190599038,-595.244190599053,-1.55750967678614e-11
28,-72.8214440084331,-72.8214438928918,1.15541268996822e-07,-67.2955524522319,-67.2955524522426,-1.07291953099775e-11,-232.406019668966,-232.406019828163,-1.59197213633888e-07,21.3678776384361,21.3678776384327,-3.39284156325448e-12,-867.731039669016,-867.731044865123,-5.19610739502241e-06,-597.41858893597,-597.418588935984,-1.4210854715202e-11
29,-73.4702455046877,-73.4702453842605,1.20427216643293e-07,-67.2385049581362,-67.2385049581443,-8.01492205937393e-12,-234.68833210418,-234.68833228093,-1.76750432956396e-07,19.7052777468143,19.7052777468118,-2.52953213930596e-12,-775.449932425528,-775.449937681753,-5.2562249948096e-06,-599.665848715743,-599.665848715755,-1.17097442853265e-11
30,-74.1250302030834,-74.1250300781584,1.24925009004073e-07,-67.1860845650626,-67.1860845650685,-5.84066128794802e-12,-236.713775502732,-236.713775696976,-1.94244279327904e-07,18.0363291041777,18.0363291041758,-1.85451654033386e-12,-682.845381558787,-682.845386832804,-5.27401721228671e-06,-601.990432955064,-601.990432955074,-1.00044417195022e-11
31,-74.7850837922704,-74.7850836632796,1.28990805592366e-07,-67.1383092124828,-67.138309212487,-4.14956957683899e-12,-238.481949270257,-238.481949481703,-2.11446092635015e-07,16.3608107299903,16.360810729989,-1.31450406115619e-12,-590.274820715499,-590.274825964539,-5.24904066878662e-06,-604.39679731754,-604.396797317548,-7.73070496506989e-12
32,-75.4496922181615,-75.4496920855746,1.32586890799757e-07,-67.0951974708822,-67.095197470885,-2.8421709430404e-12,-239.993435628485,-239.993435856612,-2.28127419177326e-07,14.6784892795607,14.6784892795597,-1.04627417840675e-12,-498.087907567873,-498.087912749729,-5.18185578357588e-06,-606.889387972345,-606.88938797235,-4.77484718430787e-12
33,-76.1181443799064,-76.1181442442246,1.35681816004762e-07,-67.0567685760646,-67.0567685760665,-1.86162196769146e-12,-241.249773645114,-241.249773889179,-2.44064978005554e-07,12.9891190734263,12.9891190734257,-6.12843109593086e-13,-406.623414405494,-406.623419479387,-5.07389364656774e-06,-609.472639419275,-609.47263941928,-4.43378667114303e-12
34,-76.7897347420334,-76.7897346037822,1.38251223802399e-07,-67.0230424633685,-67.0230424633697,-1.15107923193136e-12,-242.253424956991,-242.253425216041,-2.59050295881025e-07,11.292442132847,11.2924421328465,-5.09814412907872e-13,-316.206364065433,-316.206368992882,-4.92744840130399e-06,-612.150972261818,-612.150972261821,-3.18323145620525e-12
35,-77.4637658406817,-77.4637657004039,1.40277819582479e-07,-66.9940398017745,-66.9940398017751,-6.67910171614494e-13,-243.007731925715,-243.007732198606,-2.72890900987477e-07,9.58818822158004,9.5881882215798,-2.34479102800833e-13,-227.14545138737,-227.145456132925,-4.74555514529129e-06,-614.928790908261,-614.928790908262,-1.70530256582424e-12
36,-78.1395506640521,-78.1395505223004,1.41751641535848e-07,-66.9697820278884,-66.9697820278888,-3.41060513164848e-13,-243.516869065128,-243.516869350546,-2.85417826262346e-07,7.87607489416494,7.87607489416478,-1.51878509768721e-13,-139.730782107225,-139.730786639113,-4.53188837923335e-06,-617.810481179162,-617.810481179163,-1.36424205265939e-12
37,-78.8164148896413,-78.8164147469716,1.42669748015578e-07,-66.9502913797815,-66.9502913797817,-1.84741111297626e-13,-243.785788656731,-243.785788953218,-2.96487257855915e-07,6.15580755101181,6.15580755101192,1.13686837721616e-13,-54.2319524137301,-54.2319567043606,-4.29063049267597e-06,-620.800407797783,-620.800407797785,-1.36424205265939e-12
38,-79.4936989634533,-79.4936988204168,1.43036487543213e-07,-66.9355909306666,-66.9355909306666,-4.2632564145606e-14,-243.820161521397,-243.820161827379,-3.05981842529945e-07,4.42707950065248,4.42707950065247,-7.99360577730113e-15,29.10351639615,29.1035123697862,-4.02636378993293e-06,-623.902911738249,-623.902911738248,5.6843418860808e-13
39,-80.1707600091111,-80.1707598662486,1.42862461416371e-07,-66.9257046223914,-66.9257046223914,1.4210854715202e-14,-243.626313943831,-243.626314257647,-3.13815576191701e-07,2.68957202958554,2.68957202958548,-6.17284001691587e-14,110.051382316843,110.05137857301,-3.74383266432687e-06,-627.122307404305,-627.122307404306,-4.54747350886464e-13
40,-80.8469735575757,-80.8469734154111,1.42164608973872e-07,-66.9206572987272,-66.9206572987272,0,-243.211161751043,-243.211162070975,-3.19931416470354e-07,0.942954480227815,0.942954480227721,-9.43689570931383e-14,188.411528368605,188.411524920682,-3.4479228361306e-06,-630.462879609586,-630.462879609586,3.41060513164848e-13
41,-81.5217350909399,-81.5217349499748,1.40965084938216e-07,-66.9204747384283,-66.9204747384283,2.8421709430404e-14,-242.582142529257,-242.582142853561,-3.24304039622803e-07,-0.813115662434315,-0.813115662434239,7.58282325818982e-14,264.008459383268,264.008456239827,-3.14344094931585e-06,-633.928880328181,-633.928880328182,-4.54747350886464e-13
42,-82.1944613964527,-82.1944612571617,1.39291003620201e-07,-66.9251836880381,-66.9251836880381,0,-241.747146927348,-241.747147254282,-3.2693378670956e-07,-2.578992674811,-2.57899267481102,-2.57571741713036e-14,336.691466128485,336.691463293446,-2.83503845821542e-06,-637.52452518216,-637.52452518216,0
43,-82.8645917294941,-82.8645915923206,1.37173486791653e-07,-66.9348118944149,-66.9348118944149,2.8421709430404e-14,-240.714449941682,-240.714450269532,-3.27850784742623e-07,-4.35504248851091,-4.35504248851079,1.20792265079217e-13,406.334478634507,406.334476107409,-2.52709861570111e-06,-641.25398963038,-641.25398963038,4.54747350886464e-13
44,-83.531588786616,-83.5315886519691,1.34646953142692e-07,-66.949388136947,-66.949388136947,1.4210854715202e-14,-239.492643009944,-239.492643337052,-3.27108381270591e-07,-6.14164257309848,-6.14164257309843,5.32907051820075e-14,472.835635094537,472.835632870895,-2.22364144519815e-06,-645.121404820526,-645.121404820526,2.27373675443232e-13
45,-84.1949394919544,-84.194939360206,1.31748336684723e-07,-66.9689422594261,-66.9689422594261,-2.8421709430404e-14,-238.090567663371,-238.090567988154,-3.24783258065509e-07,-7.93918180681386,-7.93918180681368,1.75859327100625e-13,536.116596117553,536.116594189307,-1.92824586520146e-06,-649.130853063746,-649.130853063746,-1.13686837721616e-13
46,-84.854155602285,-84.8541554737686,1.28516461472827e-07,-66.9935052015434,-66.9935052015435,-9.9475983006414e-14,-236.517251400535,-236.517251721504,-3.2096897939482e-07,-9.74806033414954,-9.74806033414971,-1.74082970261225e-13,596.121636436343,596.121634792287,-1.64405537361745e-06,-653.286362888614,-653.286362888615,-5.6843418860808e-13
47,-85.5087741377096,-85.5087740127186,1.24990961580806e-07,-67.0231090299704,-67.0231090299706,-2.1316282072803e-13,-234.781846354683,-234.781846670459,-3.15776020443082e-07,-11.56868940905,-11.5686894090502,-2.43360886997834e-13,652.816547464965,652.816546091262,-1.37370318498142e-06,-657.591903628278,-657.591903628279,-1.02318153949454e-12
48,-86.1583576464169,-86.1583575252049,1.21212082149214e-07,-67.0577869689827,-67.0577869689832,-4.9737991503207e-13,-232.893571233169,-232.893571542495,-3.09325969283236e-07,-13.4014912223703,-13.4014912223707,-4.70734562441066e-13,706.187384441403,706.187383322092,-1.11931126411946e-06,-662.05137949169,-662.051379491692,-2.38742359215394e-12
49,-86.8024943131672,-86.8024941959475,1.17219741468944e-07,-67.0975734305808,-67.0975734305818,-9.37916411203332e-13,-230.861656914317,-230.861657216066,-3.01749736308921e-07,-15.2468987120904,-15.2468987120912,-7.38964445190504e-13,756.239091387562,756.239090505053,-8.82508743416111e-07,-666.668623066654,-666.668623066659,-4.88853402202949e-12
50,-87.4407979220862,-87.4407978090332,1.13053033601318e-07,-67.1425040440583,-67.1425040440599,-1.64845914696343e-12,-228.695295996307,-228.695296289491,-2.93183916255657e-07,-17.1053553546289,-17.1053553546302,-1.30739863379858e-12,802.994035889921,802.994035225488,-6.64432945995941e-07,-671.447388199106,-671.447388199115,-9.32232069317251e-12
51,-88.0729076850581,-88.0729075763082,1.08749887317572e-07,-67.1926156849611,-67.1926156849638,-2.68585154117318e-12,-226.403596506199,-226.403596789965,-2.837655017629e-07,-18.9773149354416,-18.9773149354438,-2.20268248085631e-12,846.49048387856,846.490483412751,-4.65809421257291e-07,-676.391342189515,-676.391342189529,-1.39834810397588e-11
52,-88.6984879474652,-88.6984878431188,1.04346412399536e-07,-67.2479465033798,-67.2479465033839,-4.14956957683899e-12,-223.995539896433,-223.995540170068,-2.73634100267373e-07,-20.8632412969244,-20.8632412969279,-3.45323769579409e-12,886.781042289637,886.781042002729,-2.86907948066073e-07,-681.504057243604,-681.504057243628,-2.43289832724258e-11
53,-89.3172277832775,-89.3172276834006,9.9876814374511e-08,-67.3085359515061,-67.3085359515123,-6.12487838225206e-12,-221.479943382338,-221.479943645263,-2.62924800153996e-07,-22.7636080614547,-22.7636080614599,-5.24735810358834e-12,923.931094863496,923.931094735826,-1.2766906820616e-07,-686.789001110698,-686.789001110735,-3.70619090972468e-11
54,-89.928840491544,-89.9288403961711,9.53729397679126e-08,-67.3744248103845,-67.3744248103933,-8.78230821399484e-12,-218.865426607905,-218.865426859673,-2.51768227599314e-07,-24.6788983272188,-24.6788983272265,-7.69873054196069e-12,958.01725347602,958.017253488313,1.22936398838647e-08,-692.249526838893,-692.249526838948,-5.50244294572622e-11
55,-90.5330630062266,-90.5330629153623,9.08642192598563e-08,-67.4456552157765,-67.4456552157888,-1.23208110380801e-11,-216.160382569016,-216.160382809304,-2.40288500208408e-07,-26.6096043342682,-26.6096043342794,-1.11910480882216e-11,989.125844432299,989.125844565935,1.33635467136628e-07,-697.888861571944,-697.888861572025,-8.10587152955122e-11
56,-91.1296552310418,-91.1296551446642,8.63775255766086e-08,-67.522270683054,-67.5222706830708,-1.67972302733688e-11,-213.372952673479,-213.372952902082,-2.28603056484644e-07,-28.556227098034,-28.5562270980495,-1.54862789258914e-11,1017.35144616373,1017.35144640097,2.37232598010451e-07,-703.71009430824,-703.710094308353,-1.13345777208451e-10
57,-91.7183993105883,-91.7183992286514,8.19369745386211e-08,-67.6043161310256,-67.6043161310481,-2.24815721594496e-11,-210.511005775654,-210.511005992473,-2.16818534681806e-07,-30.5192760072991,-30.5192760073203,-2.11990425214026e-11,1042.79549184237,1042.79549216648,3.24110487781581e-07,-709.716162537543,-709.7161625377,-1.57228896568995e-10
58,-92.2990988485338,-92.2990987709697,7.75641240124969e-08,-67.691837904593,-67.6918379046225,-2.9544366952905e-11,-207.582120989823,-207.582121194856,-2.0503344444478e-07,-32.4992683833901,-32.4992683834184,-2.8350655156828e-11,1065.56494762475,1065.56494802019,3.95439883504878e-07,-715.909837666196,-715.909837666411,-2.14640749618411e-10
59,-92.8715780830547,-92.8715780097768,7.3277831802443e-08,-67.7848837961248,-67.7848837961631,-3.83124643121846e-11,-204.593574060425,-204.593574253761,-1.93336006759637e-07,-34.4967289970903,-34.496728997128,-3.77866626877221e-11,1085.77107461287,1085.77107506532,4.52452923127566e-07,-722.293709136413,-722.2937091367,-2.8705926524708e-10
60,-93.4356810290789,-93.4356809599845,6.90943551262535e-08,-67.883503065426,-67.883503065475,-4.89563944938709e-11,-201.552327048179,-201.552327229982,-1.8180392657996e-07,-36.5121895395137,-36.512189539563,-4.92406115881749e-11,1103.52828020863,1103.52828070508,4.96448592457455e-07,-728.870167139919,-728.870167140299,-3.79714037990198e-10
61,-93.9912705961916,-93.991270531164,6.50275495672759e-08,-67.9877464581688,-67.9877464582306,-6.18172180111287e-11,-198.465021078438,-198.465021248944,-1.70505160212997e-07,-38.5461880428855,-38.5461880429491,-6.36362074146746e-11,1118.95306236543,1118.95306289415,5.28726104676025e-07,-735.641383820717,-735.641383821211,-4.94196683575865e-10
62,-94.5382276903492,-94.5382276292604,6.10888548635558e-08,-68.0976662226395,-68.0976662227167,-7.72502062318381e-11,-195.33797189113,-195.337972050628,-1.59497744789405e-07,-40.5992682468831,-40.5992682469647,-8.15774114926171e-11,1132.16304831945,1132.16304887003,5.50581262359628e-07,-742.609292856087,-742.609292856723,-6.36532604403328e-10
63,-95.0764503068195,-95.076450249532,5.72875364923675e-08,-68.2133161246448,-68.2133161247404,-9.56106305238791e-11,-192.177167929575,-192.177168078405,-1.48829997215216e-07,-42.671978905871,-42.6719789059741,-1.03078434676718e-10,1143.27612771847,1143.27612828174,5.63263711228501e-07,-749.775567299152,-749.775567299965,-8.1251982919639e-10
64,-95.6058526210364,-95.6058525674057,5.36307425136329e-08,-68.3347514604059,-68.3347514605232,-1.17267973109847e-10,-188.988270707766,-188.988270846308,-1.38541793148761e-07,-44.764873032031,-44.7648730321604,-1.29375621327199e-10,1152.40967865297,1152.40967922097,5.67991946809343e-07,-757.141595560403,-757.14159556143,-1.02704689197708e-09
65,-96.1263640833447,-96.1263640332209,5.01238304195795e-08,-68.4620290672544,-68.4620290673972,-1.42748035614204e-10,-185.776617201493,-185.776617330158,-1.28664368048703e-07,-46.8785070690416,-46.8785070692027,-1.6112267076096e-10,1159.67988392465,1159.67988449054,5.65895334148081e-07,-764.708455399627,-764.708455400913,-1.28557076095603e-09
66,-96.6379285229114,-96.637928476141,4.67704523998691e-08,-68.5952073319308,-68.5952073321032,-1.72462932823692e-10,-182.547224017478,-182.547224136699,-1.19220914029938e-07,-49.0134399905949,-49.0134399907941,-1.99221972252417e-10,1165.20113394523,1165.20113450328,5.58044348508702e-07,-772.476885793695,-772.476885795293,-1.59775481733959e-09
67,-97.1405032654148,-97.1405032218421,4.35726548175808e-08,-68.7343461962663,-68.7343461964733,-2.07052153200493e-10,-179.304793105748,-179.304793215976,-1.10228597804962e-07,-51.170232317656,-51.1702323179003,-2.44313014263753e-10,1169.0855119267,1169.08551247213,5.45423063158523e-07,-780.447256539692,-780.447256541665,-1.9728076949832e-09
68,-97.6340582684855,-97.6340582279545,4.05310203177578e-08,-68.8795071600157,-68.8795071602627,-2.46998865804926e-10,-176.053718793348,-176.053718895045,-1.01696940646434e-07,-53.3494450479721,-53.3494450482705,-2.98406632737169e-10,1171.44235648256,1171.44235701147,5.28916643816046e-07,-788.619535447028,-788.619535449446,-2.41766429098789e-09
69,-98.1185752782795,-98.1185752406345,3.76450799421946e-08,-69.0307532805859,-69.0307532808789,-2.92942559099174e-10,-172.798095931581,-172.798096025212,-9.36307458232477e-08,-55.5516384909256,-55.5516384912873,-3.61730201348109e-10,1172.37789638742,1172.37789689676,5.09337041876279e-07,-796.993252966519,-796.993252969462,-2.94255642074859e-09
70,-98.5940470100032,-98.5940469750899,3.49132989185819e-08,-69.1881491693886,-69.1881491697343,-3.4579272778501e-10,-169.541728963905,-169.541729049935,-8.60302975524974e-08,-57.7773710003926,-57.7773710008291,-4.3648640257743e-10,1171.9949520178,1171.99495250521,4.87411398353288e-07,-805.56746409902,-805.567464102585,-3.56499185727444e-09
71,-99.0604763546987,-99.0604763223656,3.23331050822162e-08,-69.3517609845218,-69.3517609849279,-4.06060962632182e-10,-166.288141736999,-166.28814181589,-7.88906220350327e-08,-60.0271975978262,-60.0271975983502,-5.24018162195716e-10,1170.39269789902,1170.3926983628,4.6377658691199e-07,-814.34070742124,-814.340707425532,-4.29179181082873e-09
72,-99.5178756141254,-99.5178755842241,2.99013152016414e-08,-69.5216564194658,-69.5216564199406,-4.74770445180184e-10,-163.040587893006,-163.04058796521,-7.22037896139227e-08,-62.3016684773266,-62.3016684779528,-6.26194207598019e-10,1167.66648079256,1167.66648123155,4.38985807704739e-07,-823.310961061907,-823.310961067048,-5.14148723596008e-09
73,-99.9662657651441,-99.9662657375301,2.76139786592466e-08,-69.6979046874515,-69.6979046880043,-5.52816459276073e-10,-159.802061696286,-159.802061762244,-6.59585452922329e-08,-64.6013273839898,-64.6013273847348,-7.45046691008611e-10,1163.90768785488,1163.90768826841,4.13526095144334e-07,-832.475595457681,-832.475595463811,-6.12988060311181e-09
74,-100.405675754625,-100.405675729158,2.54666900900702e-08,-69.8805765011381,-69.8805765017792,-6.41136921331054e-10,-156.575309163019,-156.575309223161,-6.01419003487536e-08,-66.9267098563492,-66.9267098572318,-8.8256513208762e-10,1159.20365956652,1159.20365995432,3.87800355383661e-07,-841.831322715349,-841.831322722624,-7.27561655367026e-09
75,-100.836141825554,-100.836141802099,2.34546320143636e-08,-70.0697440472085,-70.0697440479494,-7.40897121431772e-10,-153.362839376397,-153.362839431135,-5.47384502169734e-08,-69.2783413232412,-69.2783413242829,-1.0417409157526e-09,1153.63764235312,1153.63764271529,3.62168066203594e-07,-851.374142404942,-851.374142413542,-8.5996134657762e-09
76,-101.257706874708,-101.257706853136,2.1572560626737e-08,-70.2654809554652,-70.2654809563185,-8.53248138810159e-10,-150.166935883893,-150.166935933624,-4.97311418712343e-08,-71.6567350449346,-71.6567350461599,-1.22533094781829e-09,1147.28877608366,1147.28877642057,3.36906850861851e-07,-861.099283607987,-861.099283618108,-1.01211981018423e-08
77,-101.670419841997,-101.670419822182,1.98152605435098e-08,-70.467862261977,-70.4678622629565,-9.79468950390583e-10,-146.989668086097,-146.989668131199,-4.51017001523724e-08,-74.0623898878802,-74.0623898893161,-1.43590739298816e-09,1140.23211192452,1140.23211223678,3.12254996970296e-07,-871.001143046042,-871.001143057909,-1.186674580822e-08
78,-102.074335131334,-102.074335113157,1.81770190010866e-08,-70.6769643658021,-70.676964366923,-1.12089537651627e-09,-143.832902538699,-143.83290257953,-4.08318214795145e-08,-76.4957879219505,-76.4957879236277,-1.677221916907e-09,1132.53865633956,1132.53865662796,2.88396677206038e-07,-881.073219117702,-881.073219131563,-1.38608129418571e-08
79,-102.469512062706,-102.469512046054,1.66522511335643e-08,-70.8928649787759,-70.8928649800551,-1.27913324377005e-09,-140.698314100472,-140.698314137374,-3.69020654034102e-08,-78.9573918285734,-78.9573918305266,-1.95315408291208e-09,1124.27543734802,1124.2754376135,2.6547741072136e-07,-891.308041677298,-891.308041693432,-1.61340949489386e-08
80,-102.856014354926,-102.856014339691,1.52354431293134e-08,-71.1156430678231,-71.1156430692788,-1.45566048104229e-09,-137.587396870464,-137.587396903757,-3.32930767399375e-08,-81.4476421077074,-81.4476421099749,-2.26748397835763e-09,1115.50558947636,1115.50558971995,2.43599288296537e-07,-901.697097396328,-901.697097415041,-1.87134219231666e-08
81,-103.23390963842,-103.2339096245,1.39207259053364e-08,-71.3453787892176,-71.34537879087,-1.65239555371954e-09,-134.501474867023,-134.501474897008,-2.99855855701026e-08,-83.9669540711777,-83.9669540738032,-2.62546961948829e-09,1106.28845416072,1106.28845438356,2.22845073949429e-07,-912.230750559416,-912.230750581052,-2.16355147131253e-08
82,-103.603268997274,-103.603268984571,1.27026709151323e-08,-71.5821534141787,-71.5821534160498,-1.87108639693179e-09,-131.441712409911,-131.441712436871,-2.69605777702964e-08,-86.5157146095058,-86.5157146125373,-3.03148794955632e-09,1096.67969266963,1096.67969287289,2.03260015041451e-07,-922.898159160862,-922.898159185796,-2.49345930569689e-08
83,-103.964166539665,-103.96416652809,1.15757217145074e-08,-71.826049245157,-71.8260492472707,-2.11377937375801e-09,-128.40912417442,-128.409124198619,-2.41992665905855e-08,-89.0942787190084,-89.0942787224995,-3.49106699104595e-09,1086.73140891709,1086.73140910196,1.84865939445444e-07,-933.687186186211,-933.687186214859,-2.86485146716586e-08
84,-104.316678995749,-104.316678985214,1.05346344980717e-08,-72.0771495221237,-72.0771495245063,-2.38260611240548e-09,-125.404584893355,-125.404584915038,-2.16835758237721e-08,-91.70296577566,-91.7029657796705,-4.0104879417413e-09,1076.49227982271,1076.49227999039,1.67672624229454e-07,-944.584305986245,-944.58430601906,-3.2815478334669e-08
85,-104.660885341971,-104.660885332397,9.57409440616175e-09,-72.3355383181434,-72.3355383208234,-2.6799824581758e-09,-122.428838688848,-122.428838708244,-1.93960261185566e-08,-94.3420555419882,-94.3420555465845,-4.59638727079437e-09,1066.00769114529,1066.00769129696,1.51668928083382e-07,-955.574505679039,-955.574505716521,-3.74824367099791e-08
86,-104.996866450785,-104.996866442095,8.68912763962726e-09,-72.601300423467,-72.6013004264753,-3.00831004551583e-09,-119.482508021399,-119.482508038719,-1.73198628772298e-08,-97.0117838931417,-97.0117838983971,-5.25537302564771e-09,1055.31987696828,1055.31987710511,1.36828248287202e-07,-966.641181549987,-966.641181592673,-4.2685655898822e-08
87,-105.324704764674,-105.324704756799,7.87493092957448e-09,-72.8745212173465,-72.8745212207167,-3.37027472596674e-09,-116.566102248236,-116.566102263674,-1.54387294060143e-08,-99.7123382482401,-99.7123382542356,-5.99551697177958e-09,1044.46806124929,1044.46806137241,1.23119434647379e-07,-977.766030460698,-977.766030509177,-4.8478568714927e-08
88,-105.644483993413,-105.644483986287,7.12678627223795e-09,-73.1552865267346,-73.1552865305033,-3.76870445961686e-09,-113.68002578724,-113.680025800978,-1.37376048314763e-08,-102.443852693213,-102.443852700038,-6.82499035065121e-09,1033.48860006081,1033.48860017131,1.10499286165577e-07,-988.928936326256,-988.92893638116,-5.49039214092772e-08
89,-105.956288833447,-105.956288827007,6.44025988094654e-09,-73.4436824709917,-73.4436824751984,-4.20668300193938e-09,-110.824585886176,-110.824585898378,-1.22019514492422e-08,-105.206402781574,-105.206402789327,-7.75312969381048e-09,1022.41512334584,1022.41512344476,9.89210775514948e-08,-1000.10785177739,-1000.1078518394,-6.20153741692775e-08
90,-106.260204708312,-106.260204702501,5.81121639697812e-09,-73.739795291688,-73.7397952963754,-4.68733674097166e-09,-108,-108.000000010818,-1.08183542124607e-08,-108,-108.000000008789,-8.78929995451472e-09,1011.27867519055,1011.27867527889,8.83334223544807e-08,-1011.27867519055,-1011.27867526041,-6.98531721354811e-08
91,-106.556317529008,-106.556317523773,5.235449407337e-09,-74.0437111665528,-74.0437111717668,-5.21404786013591e-09,-105.206402781574,-105.206402791148,-9.57346912855428e-09,-110.824585886176,-110.82458589612,-9.94391768927017e-09,1000.10785177739,1000.10785185606,7.86769760452444e-08,-1022.41512334584,-1022.41512342431,-7.84717713031569e-08
92,-106.844713473265,-106.844713468556,4.70930672236136e-09,-74.3555160065867,-74.3555160123772,-5.79051118165808e-09,-102.443852693213,-102.443852701669,-8.45605541144323e-09,-113.68002578724,-113.680025798469,-1.12285221121056e-08,988.928936326256,988.928936396158,6.99022848493769e-08,-1033.48860006081,-1033.48860014873,-8.79149411048274e-08
93,-107.125478782654,-107.125478778424,4.22917878495355e-09,-74.6752952353258,-74.6752952417463,-6.42044994947355e-09,-99.7123382482401,-99.7123382556947,-7.45458805795352e-09,-116.566102248236,-116.56610226089,-1.26544250633742e-08,977.766030460698,977.766030522647,6.19490947428858e-08,-1044.46806124929,-1044.46806134752,-9.82297478913097e-08
94,-107.398699576533,-107.398699572742,3.79149867058004e-09,-75.0031335492154,-75.0031335563233,-7.10788583546673e-09,-97.0117838931417,-97.0117838997001,-6.55846577046759e-09,-119.482508021399,-119.482508035634,-1.42349279030896e-08,966.641181549987,966.641181604746,5.47594254385331e-08,-1055.31987696828,-1055.31987707774,-1.09454958874267e-07
95,-107.664461681857,-107.664461678463,3.39318262376764e-09,-75.3391146580287,-75.3391146658857,-7.85696840921446e-09,-94.3420555419882,-94.3420555477465,-5.758280963164e-09,-122.428838688848,-122.428838704832,-1.59831898827179e-08,955.574505679039,955.574505727322,4.82834821013967e-08,-1066.00769114529,-1066.00769126692,-1.2162740858912e-07
96,-107.922850477876,-107.922850474845,3.03120373246202e-09,-75.6833210042512,-75.6833210129234,-8.67217408995202e-09,-91.70296577566,-91.702965780705,-5.04502395415329e-09,-125.404584893355,-125.404584911268,-1.79131944832989e-08,944.584305986245,944.584306028703,4.24581685365411e-08,-1076.49227982271,-1076.49227995749,-1.34773245008546e-07
97,-108.173950754843,-108.17395075214,2.70270561486541e-09,-76.0358334603348,-76.0358334698927,-9.55790824264113e-09,-89.0942787190084,-89.094278723419,-4.41056613453839e-09,-128.40912417442,-128.409124194459,-2.00396357286081e-08,933.687186186211,933.687186223446,3.72352815247723e-08,-1086.73140891709,-1086.73140906601,-1.48915432873764e-07
98,-108.417846585821,-108.417846583416,2.4050592628555e-09,-76.3967310027263,-76.3967310132454,-1.05191162447227e-08,-86.5157146095058,-86.515714613353,-3.84716258849949e-09,-131.441712409911,-131.441712432289,-2.23787139930209e-08,922.898159160862,922.898159193427,3.25652536048437e-08,-1096.67969266963,-1096.6796928337,-1.6406465874752e-07
99,-108.654621210782,-108.654621208647,2.13577777685714e-09,-76.7660903615795,-76.7660903731401,-1.15605871542357e-08,-83.9669540711777,-83.9669540745254,-3.34769367782428e-09,-134.501474867023,-134.501474891969,-2.4945961740741e-08,912.230750559416,912.23075058782,2.84035195363685e-08,-1106.28845416072,-1106.28845434093,-1.80211372935446e-07
100,-108.884356932177,-108.884356930284,1.89258742011589e-09,-77.1439856450737,-77.1439856577612,-1.26874226680229e-08,-81.4476421077074,-81.4476421106136,-2.90627610866068e-09,-137.587396870464,-137.587396898222,-2.77580909369135e-08,901.697097396327,901.697097421031,2.47040361500694e-08,-1115.50558947635,-1115.50558967369,-1.97338977159234e-07
101,-109.107135021224,-109.107135019551,1.67327129929618e-09,-77.5304879372937,-77.5304879511985,-1.39047955372007e-08,-78.9573918285735,-78.9573918310899,-2.51644394211326e-09,-140.698314100472,-140.698314131304,-3.08322967157437e-08,891.308041677298,891.308041698721,2.14237161344499e-08,-1124.27543734802,-1124.27543756343,-2.15404043046874e-07
102,-109.323035634198,-109.323035632722,1.47588252730202e-09,-77.9256648686656,-77.9256648838836,-1.52179779888684e-08,-76.4957879219505,-76.4957879241236,-2.17310969219398e-09,-143.832902538699,-143.832902572884,-3.41858878982748e-08,881.073219117703,881.073219136223,1.85202679858776e-08,-1132.53865633956,-1132.5386565739,-2.34336312132655e-07
103,-109.532137738023,-109.532137736724,1.2985310604563e-09,-78.3295801580027,-78.3295801746349,-1.663225646098e-08,-74.0623898878801,-74.0623898897517,-1.87158377684682e-09,-146.989668086097,-146.989668123933,-3.78362869923876e-08,871.001143046043,871.001143062002,1.59594719661982e-08,-1140.23211192452,-1140.23211217857,-2.54047336056828e-07
104,-109.734519044535,-109.734519043395,1.13945475277433e-09,-78.7422931252916,-78.7422931434447,-1.81530737108915e-08,-71.6567350449346,-71.6567350465417,-1.60711977059691e-09,-150.166935883893,-150.166935925694,-4.18010301928007e-08,861.099283607987,861.099283621693,1.37057440952049e-08,-1147.28877608366,-1147.28877635807,-2.74409785561147e-07
105,-109.930255952791,-109.930255951794,9.97090410237433e-10,-79.1638581744461,-79.1638581942319,-1.97858014416852e-08,-69.2783413232411,-69.2783413246168,-1.37568179070513e-09,-153.362839376397,-153.362839422494,-4.60971421034628e-08,851.374142404943,851.374142416675,1.17323679660331e-08,-1153.63764235312,-1153.63764264838,-2.95259951599292e-07
106,-110.119423498862,-110.119423497992,8.69960103955236e-10,-79.5943242453752,-79.5943242669108,-2.15355271393491e-08,-66.9267098563492,-66.9267098575232,-1.1740155514417e-09,-156.575309163019,-156.575309213761,-5.07416473283229e-08,841.831322715349,841.831322725358,1.00087618193356e-08,-1159.20365956652,-1159.20365988292,-3.16395471600117e-07
107,-110.302095312548,-110.302095311792,7.56685381020361e-10,-80.0337342348559,-80.0337342582634,-2.34074377658544e-08,-64.6013273839898,-64.6013273849883,-9.98454652290093e-10,-159.802061696286,-159.802061752036,-5.57500356990204e-08,832.475595457682,832.475595466184,8.50263859319966e-09,-1163.90768785488,-1163.90768819245,-3.37566007146961e-07
108,-110.478343580534,-110.478343579878,6.55916210234864e-10,-80.4821243858746,-80.482124411281,-2.54064644877872e-08,-62.3016684773267,-62.3016684781729,-8.46249292862922e-10,-163.040587893006,-163.040587954142,-6.11368022873648e-08,823.310961061907,823.310961069103,7.19626314094057e-09,-1167.66648079256,-1167.66648115103,-3.58462557414896e-07
109,-110.648239015478,-110.648239014912,5.66615199204534e-10,-80.9395236453013,-80.9395236728384,-2.75371405678015e-08,-60.0271975978262,-60.0271975985407,-7.14493353370926e-10,-166.288141736999,-166.288141803915,-6.69154758270452e-08,814.34070742124,814.340707427304,6.06371486355783e-09,-1170.39269789902,-1170.39269827775,-3.78727236238774e-07
110,-110.811850830611,-110.811850830124,4.87617057842726e-10,-81.4059529899968,-81.4059530198004,-2.9803587153765e-08,-57.7773710003926,-57.7773710009932,-6.00621774538013e-10,-169.541728963905,-169.541729037001,-7.30964302420034e-08,805.56746409902,805.56746410411,5.08998709847219e-09,-1171.9949520178,-1171.99495241573,-3.97931898987736e-07
111,-110.969246719414,-110.969246718996,4.17941237174091e-10,-81.8814247217205,-81.8814247539301,-3.220966959816e-08,-55.5516384909256,-55.5516384914284,-5.02851094097423e-10,-172.798095931581,-172.79809601127,-7.96891583831894e-08,796.993252966519,796.99325297077,4.25097823608667e-09,-1172.37789638742,-1172.377896803,-4.15585645896499e-07
112,-111.120492839984,-111.120492839628,3.5666403164214e-10,-82.3659417315145,-82.3659417662729,-3.47584006021862e-08,-53.349445047972,-53.3494450483913,-4.19206003243744e-10,-176.053718793348,-176.053718880046,-8.66984635194967e-08,788.619535447028,788.619535450561,3.53350060322555e-09,-1171.44235648256,-1171.44235691368,-4.31121179644833e-07
113,-111.265653803734,-111.265653803431,3.02975422528107e-10,-82.8594967345852,-82.8594967720373,-3.74521249568716e-08,-51.1702323176559,-51.1702323180035,-3.47597506333841e-10,-179.304793105748,-179.304793199875,-9.41271594001591e-08,780.447256539692,780.447256542613,2.92095592158148e-09,-1169.0855119267,-1169.0855123706,-4.43898443336366e-07
114,-111.404792668069,-111.404792667813,2.56065391113225e-10,-83.3620714770886,-83.362071517381,-4.02923916453801e-08,-49.0134399905949,-49.0134399908816,-2.86661361315055e-10,-182.547224017478,-182.547224119451,-1.01972858601584e-07,772.476885793695,772.476885796096,2.40072495216737e-09,-1165.20113394523,-1165.20113439843,-4.53200300398748e-07
115,-111.537970932746,-111.53797093253,2.15209183807019e-10,-83.8736359166553,-83.873635959935,-4.32796980476269e-08,-46.8785070690416,-46.8785070692768,-2.35218067246024e-10,-185.776617201493,-185.776617311722,-1.10228484118124e-07,764.708455399627,764.70845540159,1.96223481907509e-09,-1159.67988392465,-1159.67988438287,-4.5822594074707e-07
116,-111.665248539594,-111.665248539414,1.79909420694457e-10,-84.3941473789636,-84.394147425377,-4.64134473077138e-08,-44.764873032031,-44.7648730322227,-1.9171864096279e-10,-188.988270707766,-188.988270826648,-1.18882297783784e-07,757.141595560403,757.141595561996,1.59332103066845e-09,-1152.40967865297,-1152.40967911106,-4.58087470178725e-07
117,-111.786683875355,-111.786683875206,1.49356083056773e-10,-84.9235496931805,-84.9235497428721,-4.96916214842713e-08,-42.6719789058711,-42.6719789060265,-1.5543832887488e-10,-192.177167929575,-192.177168057491,-1.27916138126238e-07,749.775567299152,749.775567300435,1.28295596368844e-09,-1143.27612771848,-1143.27612817032,-4.51843561677379e-07
118,-111.902333777361,-111.902333777237,1.23165477816656e-10,-85.4617723096508,-85.4617723627617,-5.31108952372961e-08,-40.5992682468831,-40.599268247008,-1.24892096664553e-10,-195.33797189113,-195.337972028435,-1.3730488035435e-07,742.609292856086,742.609292857114,1.02784269984113e-09,-1132.16304831945,-1132.16304875791,-4.38457391283009e-07
119,-112.012253541831,-112.01225354173,1.00811803349643e-10,-86.0087294038084,-86.0087294604747,-5.66662947676377e-08,-38.5461880428855,-38.5461880429851,-9.96038806988508e-11,-198.465021078438,-198.465021225455,-1.47016237406206e-07,735.641383820716,735.641383821531,8.146798791131e-10,-1118.95306236543,-1118.95306278226,-4.16835973737761e-07
120,-112.116496934574,-112.116496934492,8.18403123048483e-11,-86.5643189709211,-86.564319031272,-6.035089938905e-08,-36.5121895395137,-36.5121895395927,-7.89555087976623e-11,-201.552327048179,-201.552327205189,-1.57010390466894e-07,728.87016713992,728.87016714056,6.40284270048141e-10,-1103.52828020863,-1103.52828059447,-3.8583539208048e-07
121,-112.215116203875,-112.215116203809,6.58104681861005e-11,-87.1284219169453,-87.1284219811014,-6.41560689018661e-08,-34.4967289970903,-34.4967289971522,-6.19380102762079e-11,-204.593574060425,-204.593574227664,-1.67238567883032e-07,722.293709136413,722.293709136912,4.98403096571565e-10,-1085.77107461287,-1085.77107495715,-3.44277395925019e-07
122,-112.308162095407,-112.308162095355,5.23669996255194e-11,-87.7009011514662,-87.7009012195371,-6.80708751588099e-08,-32.49926838339,-32.499268383438,-4.80042672279524e-11,-207.582120989823,-207.582121167466,-1.77643244114734e-07,715.909837666196,715.909837666579,3.82783582608681e-10,-1065.56494762475,-1065.5649479157,-2.90952584691695e-07
123,-112.395683868974,-112.395683868933,4.12399003835162e-11,-88.2816006894117,-88.2816007614941,-7.20824573363643e-08,-30.5192760072991,-30.519276007336,-3.68132191397308e-11,-210.511005775654,-210.511005963813,-1.88159020808598e-07,709.716162537543,709.716162537835,2.9194779926911e-10,-1042.79549184237,-1042.79549206704,-2.24667246584431e-07
124,-112.477729316946,-112.477729316914,3.20028448186349e-11,-88.8703447689582,-88.8703448451334,-7.61751977051972e-08,-28.556227098034,-28.5562270980617,-2.77253775493591e-11,-213.372952673479,-213.372952872189,-1.98709301457711e-07,703.71009430824,703.710094308459,2.19301909964997e-10,-1017.35144616374,-1017.35144630799,-1.44259047374362e-07
125,-112.554344784224,-112.554344784199,2.45279352384387e-11,-89.4669369937735,-89.4669370741049,-8.03314321728976e-08,-26.6096043342682,-26.6096043342891,-2.08615347219165e-11,-216.160382569016,-216.160382778225,-2.09209446211389e-07,697.888861571944,697.888861572105,1.61662683240138e-10,-989.125844432299,-989.125844480922,-4.86221551909694e-08
126,-112.625575189616,-112.625575189597,1.8502532839193e-11,-90.071159508456,-90.0711595929868,-8.45308250063681e-08,-24.6788983272188,-24.6788983272341,-1.52198253999813e-11,-218.865426607905,-218.865426827471,-2.19566402392957e-07,692.249526838893,692.24952683901,1.17211129690986e-10,-958.01725347602,-958.017253412778,6.3241941461456e-08
127,-112.691464048494,-112.69146404848,1.36850530907395e-11,-90.6827722167226,-90.682772305473,-8.87504398860983e-08,-22.7636080614547,-22.7636080614657,-1.10134124042816e-11,-221.479943382338,-221.479943612016,-2.29677624474789e-07,686.789001110698,686.789001110781,8.34461388876662e-11,-923.931094863495,-923.931094671306,1.92188849723607e-07
128,-112.75205349662,-112.75205349661,9.9333874459262e-12,-91.3015120525348,-91.3015121454999,-9.29650951775329e-08,-20.8632412969244,-20.8632412969322,-7.7697848155367e-12,-223.995539896434,-223.995540135867,-2.39433660453869e-07,681.504057243604,681.504057243664,5.96855898038484e-11,-886.781042289638,-886.781041950738,3.38899667440273e-07
129,-112.807384315039,-112.807384315032,6.96331881044898e-12,-91.9270923149419,-91.9270924120888,-9.7146894972866e-08,-18.9773149354416,-18.9773149354468,-5.20117282576393e-12,-226.403596506199,-226.403596754917,-2.48718123430081e-07,676.391342189516,676.391342189555,3.89945853385143e-11,-846.49048387856,-846.490483374746,5.038142489866e-07
130,-112.857495955942,-112.857495955937,4.77484718430787e-12,-92.5592020779138,-92.5592021791796,-1.01265783314375e-07,-17.1053553546289,-17.1053553546324,-3.48876483258209e-12,-228.695295996307,-228.695296253717,-2.57409283221932e-07,671.447388199106,671.447388199133,2.66027200268582e-11,-802.994035889922,-802.994035202807,6.87114834363456e-07
131,-112.902426569419,-112.902426569416,3.16902060149005e-12,-93.1975056868328,-93.1975057921222,-1.05289444718437e-07,-15.2468987120904,-15.2468987120928,-2.31992203225673e-12,-230.861656914317,-230.8616571797,-2.6538310748947e-07,666.668623066653,666.66862306667,1.67119651450776e-11,-756.239091387563,-756.239090498925,8.88637714524521e-07
132,-112.942213031017,-112.942213031015,2.00373051484348e-12,-93.8416423535831,-93.8416424627669,-1.0918384418801e-07,-13.4014912223703,-13.4014912223717,-1.424638185199e-12,-232.893571233169,-232.893571505683,-2.72513403842822e-07,662.05137949169,662.051379491699,9.32232069317251e-12,-706.187384441403,-706.187383333541,1.10786186269252e-06
133,-112.97689097003,-112.976890970028,1.20792265079217e-12,-94.4912258622904,-94.4912259752038,-1.12913340899468e-07,-11.56868940905,-11.5686894090507,-7.40740802029904e-13,-234.781846354683,-234.781846633358,-2.78674747278274e-07,657.591903628278,657.591903628284,5.91171556152403e-12,-652.816547464964,-652.816546121084,1.34387960315507e-06
134,-113.006494798457,-113.006494798456,6.96331881044898e-13,-95.145844397715,-95.1458445141559,-1.16440901365422e-07,-9.74806033414954,-9.74806033415017,-6.3593574850529e-13,-236.517251400535,-236.517251684281,-2.83746629747839e-07,653.286362888614,653.286362888617,2.95585778076202e-12,-596.121636436343,-596.12163484103,1.59531316512584e-06
135,-113.031057740574,-113.031057740574,3.12638803734444e-13,-95.8050605080456,-95.8050606277746,-1.19728994718571e-07,-7.93918180681382,-7.93918180681402,-2.02504679691629e-13,-238.090567663371,-238.090567950984,-2.8761314752046e-07,649.130853063746,649.130853063748,1.81898940354586e-12,-536.116596117553,-536.11659425721,1.86034253601974e-06
136,-113.050611863053,-113.050611863053,1.56319401867222e-13,-96.468411213384,-96.4684113361238,-1.22739848507081e-07,-6.14164257309843,-6.14164257309848,-4.61852778244065e-14,-239.492643009944,-239.492643300113,-2.90169310801502e-07,645.121404820526,645.121404820527,1.47792889038101e-12,-472.835635094536,-472.835632957855,2.13668079140916e-06
137,-113.065188105585,-113.065188105585,4.2632564145606e-14,-97.1354082705059,-97.1354083959419,-1.25436045550487e-07,-4.35504248851091,-4.35504248851098,-7.72715225139109e-14,-240.714449941682,-240.714450233005,-2.9132309009583e-07,641.25398963038,641.25398963038,0,-406.334478634508,-406.334476212955,2.42155334717609e-06
138,-113.074816311962,-113.074816311962,2.8421709430404e-14,-97.8055386035473,-97.8055387313285,-1.27781177639008e-07,-2.57899267481104,-2.57899267481106,-2.22044604925031e-14,-241.747146927348,-241.747147218345,-2.90996354124218e-07,637.52452518216,637.52452518216,0,-336.691466128485,-336.69146341674,2.71174513954975e-06
139,-113.079525261572,-113.079525261572,1.4210854715202e-14,-98.4782649090601,-98.4782650388005,-1.29740428178593e-07,-0.813115662434296,-0.813115662434239,5.6621374255883e-14,-242.582142529257,-242.582142818388,-2.89131492081651e-07,633.928880328181,633.928880328181,0,-264.008459383268,-264.008456379659,3.00360960636681e-06
140,-113.079342701273,-113.079342701273,2.8421709430404e-14,-99.1530264424243,-99.1530265737061,-1.31281822746132e-07,0.942954480227757,0.942954480227734,-2.29816166097407e-14,-243.211161751043,-243.211162036735,-2.85691896806384e-07,630.462879609586,630.462879609587,4.54747350886464e-13,-188.411528368604,-188.411525075447,3.29315744806991e-06
141,-113.074295377609,-113.074295377609,2.8421709430404e-14,-99.8292399908889,-99.829240123265,-1.32376086980912e-07,2.68957202958549,2.68957202958544,-5.06261699229071e-14,-243.626313943831,-243.626314224495,-2.80663982721308e-07,627.122307404305,627.122307404306,2.27373675443232e-13,-110.051382316843,-110.051378740747,3.57609660284197e-06
142,-113.064409069333,-113.064409069333,0,-100.506301036547,-100.506301169545,-1.3299789713983e-07,4.42707950065246,4.42707950065251,4.35207425653061e-14,-243.820161521397,-243.820161795458,-2.74061761729172e-07,623.902911738249,623.902911738249,-1.13686837721616e-13,-29.1035163961494,-29.1035125482333,3.84791613683433e-06
143,-113.049708620218,-113.049708620218,0,-101.183585110359,-101.183585243486,-1.33126832224661e-07,6.15580755101189,6.15580755101182,-6.48370246381091e-14,-243.785788656731,-243.785788922655,-2.65924455788991e-07,620.800407797783,620.800407797784,3.41060513164848e-13,54.2319524137319,54.2319565177716,4.10403971073947e-06
144,-113.030217972112,-113.030217972112,2.8421709430404e-14,-101.860449335948,-101.860449468695,-1.32747089764962e-07,7.87607489416492,7.87607489416491,-1.06581410364015e-14,-243.516869065128,-243.516869321448,-2.56319964364593e-07,617.810481179162,617.810481179161,-7.95807864051312e-13,139.730782107225,139.730786447118,4.33989313819438e-06
145,-113.005960198226,-113.005960198225,1.4210854715202e-13,-102.536234159318,-102.536234291168,-1.31849205331491e-07,9.58818822158008,9.58818822158011,2.66453525910038e-14,-243.007731925715,-243.007732171059,-2.45343841243084e-07,614.928790908261,614.928790908261,3.41060513164848e-13,227.145451387372,227.14545593844,4.55106825825169e-06
146,-112.976957536631,-112.976957536631,2.8421709430404e-13,-103.210265257967,-103.210265388396,-1.30429469891169e-07,11.2924421328471,11.2924421328471,1.59872115546023e-14,-242.253424956991,-242.253425190108,-2.33117162906638e-07,612.150972261818,612.150972261819,6.82121026329696e-13,316.206364065434,316.206368798863,4.73342953455358e-06
147,-112.943231423935,-112.943231423935,5.11590769747272e-13,-103.881855620094,-103.881855748585,-1.28491052464597e-07,12.9891190734263,12.9891190734261,-2.04281036531029e-13,-241.249773645114,-241.249773864902,-2.19787551714035e-07,609.472639419275,609.472639419277,1.81898940354586e-12,406.623414405492,406.623419288791,4.88329942527344e-06
148,-112.904802529118,-112.904802529117,9.52127265918534e-13,-104.550307781839,-104.550307907883,-1.26043957493494e-07,14.6784892795607,14.6784892795604,-3.92574861507455e-13,-239.993435628484,-239.993435834007,-2.05522724172624e-07,606.889387972345,606.889387972347,1.59161572810262e-12,498.087907567874,498.087912565399,4.99752451332824e-06
149,-112.861690787517,-112.861690787516,1.53477230924182e-12,-105.21491620773,-105.214916330834,-1.23104754834458e-07,16.3608107299903,16.3608107299899,-4.2277292777726e-13,-238.481949270257,-238.481949460768,-1.90510405673194e-07,604.39679731754,604.396797317543,2.38742359215394e-12,590.274820715497,590.27482578911,5.07361301060882e-06
150,-112.813915434937,-112.813915434935,2.37321273743873e-12,-105.874969796917,-105.874969916614,-1.19697190825718e-07,18.0363291041777,18.0363291041769,-8.4909856923332e-13,-236.713775502732,-236.713775677682,-1.74950258724493e-07,601.990432955064,601.990432955068,3.29691829392686e-12,682.845381558787,682.845386668666,5.10987831603416e-06
151,-112.761495041864,-112.76149504186,3.5242919693701e-12,-106.529754495312,-106.529754611163,-1.15851037207904e-07,19.7052777468143,19.7052777468131,-1.16884280032536e-12,-234.68833210418,-234.688332263232,-1.59052092385537e-07,599.665848715743,599.665848715748,4.88853402202949e-12,775.449932425528,775.449937530959,5.105431228003e-06
152,-112.704447547768,-112.704447547763,5.00222085975111e-12,-107.178555991567,-107.17855610317,-1.11602673769085e-07,21.3678776384361,21.3678776384346,-1.48858703141741e-12,-232.406019668966,-232.406019811997,-1.43031286370388e-07,597.41858893597,597.418588935976,6.25277607468888e-12,867.731039669017,867.731044729304,5.06028732161212e-06
153,-112.642790295488,-112.642790295481,6.93489710101858e-12,-107.820662472916,-107.820662579909,-1.06993525150756e-07,23.02433737203,23.0243373720278,-2.1564972030319e-12,-229.868238654105,-229.868238781205,-1.27099809787978e-07,595.244190599038,595.244190599045,7.61701812734827e-12,959.326800693009,959.32680566838,4.97537109822588e-06
154,-112.576540065661,-112.576540065651,9.35074240260292e-12,-108.455367415418,-108.455367517488,-1.02070089269546e-07,24.6748531355614,24.6748531355587,-2.74269496003399e-12,-227.077397027256,-227.077397138718,-1.11462611585011e-07,593.13818545965,593.13818545966,1.03455022326671e-11,1049.87429438699,1049.87429923945,4.85246346215717e-06
155,-112.505713111202,-112.505713111189,1.23350218927953e-11,-109.081972381996,-109.081972478878,-9.6882686762001e-08,26.3196087003975,26.319608700394,-3.5456082514429e-12,-224.036908199202,-224.036908295517,-9.63150910138211e-08,591.096102166879,591.096102166889,1.02318153949454e-11,1139.01311561348,1139.0131203077,4.6942213884904e-06
156,-112.430325191802,-112.430325191786,1.59587898451719e-11,-109.699789801055,-109.699789892539,-9.14844804356107e-08,27.9587754156419,27.9587754156377,-4.2525982735242e-12,-220.751179094136,-220.751179175967,-8.18318710571475e-08,589.113468399374,589.113468399386,1.23918653116561e-11,1226.38893081134,1226.38893531532,4.50398374596261e-06
157,-112.350391608438,-112.350391608417,2.03499439521693e-11,-110.308145698275,-110.308145784206,-8.59306084066702e-08,29.5925122084317,29.5925122084264,-5.28288524037634e-12,-217.225588388805,-217.225588456975,-6.81700385030126e-08,587.185813025169,587.185813025181,1.19371179607697e-11,1311.65698995659,1311.65699424238,4.28578732680762e-06
158,-112.265927237864,-112.265927237839,2.55511167779332e-11,-110.906382354531,-110.906382434808,-8.0276976177629e-08,31.2209655902806,31.2209655902743,-6.3629101987317e-12,-213.46645513188,-213.466455187339,-5.54590258161625e-08,585.308668297033,585.308668297044,1.08002495835535e-11,1394.48553016896,1394.4855342131,4.04413276555715e-06
159,-112.176946567093,-112.176946567062,3.16759951601853e-11,-111.493860863708,-111.493860938288,-7.457931872068e-08,32.8442696695822,32.8442696695745,-7.69517782828189e-12,-209.480998132351,-209.480998176155,-4.38038512129424e-08,583.477572092946,583.477572092956,1.00044417195022e-11,1474.55900820144,1474.55901198533,3.78388790522877e-06
160,-112.083463727817,-112.083463727778,3.87245790989255e-11,-112.069963565519,-112.069963634411,-6.88918362357072e-08,34.4625461704071,34.4625461703981,-9.03810359886847e-12,-205.277286675258,-205.277286708536,-3.32772458477848e-08,581.688070209915,581.688070209922,6.48014975013211e-12,1551.58110285656,1551.58110636669,3.51013159161084e-06
161,-111.985492530779,-111.985492530732,4.69810856884578e-11,-112.634096330183,-112.634096393449,-6.32667536137888e-08,36.0759044577561,36.0759044577458,-1.03810293694551e-11,-200.864183279509,-200.864183303437,-2.39280382174911e-08,579.935718718054,579.935718718057,2.8421709430404e-12,1625.27743390894,1625.27743713688,3.2279376682709e-06
162,-111.883046500057,-111.883046500001,5.63886715099216e-11,-113.185690674017,-113.18569073177,-5.77525440803583e-08,37.6844415694412,37.6844415694293,-1.18589582598361e-11,-196.251279351447,-196.25127936722,-1.57723718530178e-08,578.216086380523,578.216086380521,-2.38742359215394e-12,1695.39795117813,1695.39795412043,2.94229994324269e-06
163,-111.776138907261,-111.776138907194,6.71036559651839e-11,-113.72420568754,-113.724205739934,-5.23939291952047e-08,39.2882422547863,39.2882422547725,-1.37490019369579e-11,-191.448824705284,-191.448824714085,-8.80109496392834e-09,576.524757143689,576.524757143677,-1.23918653116561e-11,1761.71895572376,1761.71895838169,2.65792118625541e-06
164,-111.664782805599,-111.66478280552,7.92255150372512e-11,-114.249129760496,-114.249129807727,-4.72307846166586e-08,40.8873790203455,40.8873790203301,-1.54116719386366e-11,-186.467652014443,-186.467652017422,-2.97907831736666e-09,574.8573327006,574.857332700577,-2.22826201934367e-11,1824.04472441037,1824.0447267895,2.37913218370522e-06
165,-111.548991063814,-111.548991063721,9.28963572732755e-11,-114.759982091285,-114.759982133582,-4.22977421976611e-08,42.4819121828474,42.4819121828302,-1.71880287780368e-11,-181.319097324121,-181.319097322371,1.74927095031308e-09,573.209435129643,573.209435129607,-3.55839802068658e-11,1882.20871896351,1882.20872107328,2.10976622838643e-06
166,-111.428776399966,-111.428776399858,1.08187236946833e-10,-115.256313971478,-115.256314009102,-3.76237352384123e-08,44.0718899295729,44.0718899295537,-1.91775484381651e-11,-176.014917793771,-176.014917788313,5.45776401850162e-09,571.576709609083,571.57670960903,-5.34328137291595e-11,1936.07437074766,1936.07437260076,1.85309750122542e-06
167,-111.30415141503,-111.304151414904,1.25240262605075e-10,-115.737709839357,-115.737709872588,-3.32318990103886e-08,45.6573483863796,45.6573483863585,-2.1103119252075e-11,-170.567207848647,-170.567207840412,8.23570189822931e-09,569.954827206983,569.95482720691,-7.32143234927207e-11,1985.53544247824,1985.53544409004,1.61179673341394e-06
168,-111.175128626294,-111.17512862615,1.44169121085724e-10,-116.203788099674,-116.203788128813,-2.91394570695047e-08,47.2383116935784,47.2383116935551,-2.32489583140705e-11,-164.98831490282,-164.988314892638,1.01817647646385e-08,568.339487744866,568.339487744768,-9.82254277914762e-11,2030.51597759634,2030.51597898421,1.38787504511129e-06
169,-111.041720500544,-111.041720500379,1.65144342645362e-10,-116.654201710029,-116.654201735386,-2.53577070452593e-08,48.8147920898636,48.8147920898382,-2.54090082307812e-11,-159.290755773906,-159.290755762504,1.14020792807423e-08,566.726422732383,566.726422732255,-1.28238752949983e-10,2070.96985678009,2070.96985796282,1.1827255548269e-06
170,-110.903939486991,-110.903939486803,1.88251192412281e-10,-117.088638537244,-117.088638559137,-2.18927169726157e-08,50.3867900044907,50.3867900044635,-2.72422084890422e-11,-153.487134844695,-153.487134832692,1.20035110739991e-08,565.111398369152,565.11139836899,-1.62003743753303e-10,2106.87998878827,2106.87998978545,9.97178631223505e-07
171,-110.76179804994,-110.761798049727,2.13574935514771e-10,-117.506821489981,-117.506821508726,-1.87449842314891e-08,51.9542941578781,51.9542941578486,-2.95301560981898e-11,-147.59006494195,-147.590064929856,1.20936078928935e-08,563.490218608883,563.490218608683,-2.00429894903209e-10,2138.25716933172,2138.25717016316,8.31441411719425e-07
172,-110.615308701167,-110.615308700926,2.41314523918845e-10,-117.908508436358,-117.908508452269,-1.59104018848666e-08,53.5172816708024,53.5172816707709,-3.14557269120996e-11,-141.612091801624,-141.612091789848,1.17759668682993e-08,561.85872827991,561.858728279663,-2.47723619395401e-10,2165.13864681446,2165.13864749974,6.85282429913059e-07
173,-110.464484031975,-110.464484031704,2.7154101189808e-10,-118.293491917632,-118.293491931013,-1.33806850044493e-08,55.0757181823306,55.0757181822971,-3.35020899910887e-11,-135.565622876314,-135.565622865167,1.11469091734762e-08,560.212816255266,560.212816254968,-2.98200575343799e-10,2187.58643750918,2187.58643806721,5.58031388209201e-07
174,-110.309336744916,-110.309336744612,3.04410718854342e-10,-118.661598670887,-118.66159868203,-1.11439533156954e-08,56.6295579766192,56.6295579765837,-3.54845042238594e-11,-129.462861119038,-129.462861108743,1.02943715774018e-08,558.548418664523,558.548418664168,-3.55157681042328e-10,2205.68543502457,2205.68543547325,4.48677837994182e-07
175,-110.149879685145,-110.149879684805,3.40079964189499e-10,-119.012688975315,-119.0126889845,-9.18512910175195e-09,58.1787441186823,58.178744118645,-3.72963882000477e-11,-123.315744251221,-123.315744241924,9.29669852212101e-09,556.861522138735,556.861522138314,-4.20868673245423e-10,2219.54135983437,2219.54136019034,3.55964402842801e-07
176,-109.986125871384,-109.986125871006,3.78747699869564e-10,-119.346655837868,-119.346655845354,-7.48660511362687e-09,59.7232085992088,59.7232085991698,-3.90230070479447e-11,-117.135889895911,-117.13588988769,8.22151946522354e-09,555.14816707901,555.148167078518,-4.92264007334597e-10,2229.27859426783,2229.27859454623,2.78404058917658e-07
177,-109.818088526476,-109.818088526056,4.20385504185106e-10,-119.663424034948,-119.663424040978,-6.02939564942062e-09,61.2628724884804,61.2628724884396,-4.08064693147026e-11,-110.934546832937,-110.934546825811,7.12529413249285e-09,553.404450938461,553.404450937888,-5.72867975279223e-10,2235.0379468457,2235.03794706016,2.1446066966746e-07
178,-109.64578110749,-109.645781107025,4.65220750811568e-10,-119.96294902739,-119.962949032183,-4.79302286748862e-09,62.7976460994116,62.7976460993695,-4.20783408117131e-11,-104.722552514119,-104.722552508067,6.05206196269137e-09,551.626531506583,551.626531505924,-6.58701537759043e-10,2236.97438735065,2236.97438751319,1.6253579815384e-07
179,-109.469217335372,-109.469217334858,5.13452391714964e-10,-120.245215766149,-120.245215769905,-3.75642628114292e-09,64.3274291597029,64.3274291596593,-4.35278479926637e-11,-98.5102968660857,-98.5102968610472,5.03857222611259e-09,549.810630184465,549.810630183712,-7.52493178879377e-10,2235.25479072817,2235.25479084918,1.21003267850028e-07
180,-109.288411224091,-109.288411223526,5.65123059459438e-10,-120.510237406116,-120.510237409014,-2.89828960831073e-09,65.8521109930659,65.8521109930213,-4.46789272245951e-11,-92.3076923076923,-92.3076923035847,4.10760492286499e-09,547.953035238671,547.953035237816,-8.55266080179717e-10,2230.05572401566,2230.05572410403,8.83678694663104e-08
181,-109.103377109283,-109.103377108663,6.20403284301574e-10,-120.758053945091,-120.758053947288,-2.19763762743241e-09,67.3715707094419,67.3715707093962,-4.56878979093744e-11,-86.1241498199933,-86.1241498167168,3.27652571741055e-09,546.050105021129,546.050105020165,-9.64632818067912e-10,2221.56130618116,2221.56130624433,6.3163952290779e-08
182,-108.914129676348,-108.914129675669,6.79463596497953e-10,-120.988730804427,-120.988730806062,-1.63424829224823e-09,68.8856774041022,68.8856774040559,-4.62421212432673e-11,-79.9685608299969,-79.9685608274441,2.5528521518936e-09,544.098271141928,544.098271140845,-1.08263975562295e-09,2209.96116619932,2209.96116624342,4.40973053628113e-08
183,-108.720683987977,-108.720683987235,7.42375050322153e-10,-121.202357367083,-121.202357368271,-1.18878062949079e-09,70.3942903654818,70.3942903654352,-4.6640025175293e-11,-73.8492846054955,-73.8492846035564,1.93907112588931e-09,542.094041581599,542.094041580393,-1.20655840873951e-09,2195.44852006439,2195.44852009435,2.99583007290494e-08
184,-108.523055511098,-108.523055510289,8.093508085949e-10,-121.399045487902,-121.399045488745,-8.43314751364233e-10,71.8972592915576,71.897259291511,-4.66116034658626e-11,-67.7741408071395,-67.7741408057073,1.43222678161692e-09,540.034003729182,540.034003727844,-1.33877620100975e-09,2178.21838288213,2178.21838290188,1.97437657334376e-08
185,-108.321260143208,-108.321260142327,8.80461925589771e-10,-121.57892798993,-121.578927990511,-5.80854475629167e-10,73.3944245145465,73.3944245145002,-4.62705429526977e-11,-61.7504068051985,-61.7504068041743,1.02424024817083e-09,537.914827332193,537.914827330715,-1.47826995089417e-09,2158.46592781517,2158.46592782773,1.25578480947297e-08
186,-108.115314238061,-108.115314237106,9.55836298999202e-10,-121.742157159401,-121.742157159787,-3.86378928851627e-10,74.8856172336601,74.8856172336145,-4.55600002169376e-11,-55.7848193414904,-55.7848193407846,7.05888680840872e-10,535.733267344528,535.733267342905,-1.62344804266468e-09,2136.38499957689,2136.38499958455,7.65749064157717e-09
187,-107.905234630714,-107.905234629679,1.03571551335335e-09,-121.888903250873,-121.88890325112,-2.46615172727616e-10,76.3706597556114,76.3706597555669,-4.44941861132975e-11,-49.8835801008432,-49.8835801003768,4.6640025175293e-10,533.48616665833,533.486166656555,-1.77533365786076e-09,2112.16678644913,2112.16678645357,4.44060788140632e-09
188,-107.691038661878,-107.691038660758,1.12004272523336e-09,-122.019353012768,-122.019353012918,-1.49455559039779e-10,77.8493657425334,77.8493657424906,-4.28173052569036e-11,-44.0523647500992,-44.052364749807,2.92224910936056e-10,531.170458705925,531.170458703992,-1.93313098861836e-09,2085.99865148898,2085.9986514914,2.41698216996156e-09
189,-107.472744201581,-107.472744200372,1.20905951916939e-09,-122.133708242315,-122.1337082424,-8.48956460686168e-11,79.3215404669288,79.321540466888,-4.08135747420602e-11,-38.2963350049305,-38.2963350047593,1.71148428762535e-10,528.783169918108,528.783169916013,-2.09467998502078e-09,2058.0631207182,2058.06312071941,1.21690391097218e-09
190,-107.250369672113,-107.250369670811,1.30290800370858e-09,-122.232184377724,-122.232184377769,-4.4252601583139e-11,80.7869810732327,80.7869810731947,-3.80424580725958e-11,-32.6201532943149,-32.6201532942228,9.2121865691297e-11,526.32142202532,526.32142202306,-2.26043539441889e-09,2028.53702366481,2028.53702366535,5.49107426195405e-10
191,-107.023934070231,-107.023934068829,1.40167344397923e-09,-122.315009134219,-122.31500913424,-2.05204742087517e-11,82.2454768455349,82.2454768454999,-3.49587025993969e-11,-27.0279996082538,-27.0279996082094,4.44266845534003e-11,523.782434188613,523.782434186186,-2.42641817749245e-09,1997.5907796454,1997.59077964562,2.13958628592081e-10
192,-106.793456988614,-106.793456987108,1.50539847254549e-09,-122.382421189445,-122.382421189453,-7.94386778579792e-12,83.6968094809694,83.6968094809384,-3.10507175527164e-11,-21.5235901349228,-21.523590134905,1.77386993982509e-11,521.163524947715,521.163524945118,-2.59717580775032e-09,1965.38782161938,1965.38782161945,6.93489710101858e-11
193,-106.558958636553,-106.558958634939,1.61428204137337e-09,-122.434668922697,-122.434668922699,-2.30215846386272e-12,85.140753368248,85.1407533682215,-2.64890331891365e-11,-16.1101973178494,-16.110197317844,5.37170308234636e-12,518.462113974059,518.462113971293,-2.76622813544236e-09,1932.08414828534,1932.08414828536,2.09183781407773e-11
194,-106.320459859864,-106.320459858136,1.72839520473644e-09,-122.472009211441,-122.472009211441,-3.97903932025656e-13,86.577075870778,86.5770758707569,-2.11457518162206e-11,-10.7906709908064,-10.7906709908055,9.37916411203332e-13,515.675723617193,515.675723614259,-2.93357516056858e-09,1897.82799429007,1897.82799429008,5.45696821063757e-12
195,-106.077982159998,-106.07798215815,1.84780901690829e-09,-122.494706287669,-122.494706287669,8.5265128291212e-14,88.0055376137776,88.0055376137626,-1.50066625792533e-11,-5.56746027699185,-5.56746027699211,-2.51354492775135e-13,512.801980233715,512.801980230616,-3.09842107526492e-09,1862.75960794217,1862.75960794218,4.54747350886464e-13
196,-105.831547712359,-105.831547710386,1.97263716472662e-09,-122.503030655816,-122.503030655816,4.2632564145606e-14,89.4258927747662,89.4258927747582,-7.95807864051312e-12,-0.442635968860584,-0.442635968860603,-1.89293025698589e-14,509.838615288586,509.838615285329,-3.25684368363e-09,1827.01112562439,1827.01112562438,-1.13686837721616e-12
197,-105.581179383808,-105.581179381705,2.10292228075559e-09,-122.497258073216,-122.497258073216,-1.4210854715202e-14,90.83788937679,90.8378893767899,-7.105427357601e-14,4.58208686501237,4.58208686501235,-2.1316282072803e-14,506.783466219506,506.783466216095,-3.41054828822962e-09,1790.70653213826,1790.70653213826,3.41060513164848e-12
198,-105.326900749348,-105.32690074711,2.23883489525178e-09,-122.477668593403,-122.477668593403,-2.27373675443232e-13,92.2412695837072,92.2412695837162,8.98126018000767e-12,9.50532627003763,9.50532627003775,1.22568621918617e-13,503.634477055932,503.63447705238,-3.55231577486848e-09,1753.9616964515,1753.9616964515,6.59383658785373e-12
199,-105.068736107989,-105.068736105609,2.38031816479634e-09,-122.444545671999,-122.444545672001,-1.52056145452661e-12,93.6357699968443,93.6357699968633,1.90283344636555e-11,14.3260109879569,14.3260109879591,2.23288054712611e-12,500.389698785221,500.389698781536,-3.68441988030099e-09,1716.8844727127,1716.88447271272,2.00088834390044e-11
200,-104.806710497785,-104.806710495257,2.52752840879111e-09,-122.398175334402,-122.398175334407,-4.9737991503207e-12,95.0211219523105,95.021121952341,3.04680725093931e-11,19.0433583992326,19.0433583992409,8.32756086310837e-12,497.047289459389,497.047289455583,-3.8059511098254e-09,1679.57485691487,1679.57485691491,4.29736246587709e-11
201,-104.540849710045,-104.540849707365,2.68043720552669e-09,-122.338845404082,-122.338845404094,-1.22213350550737e-11,96.3970518182419,96.397051818285,4.30873114964925e-11,23.6568529673987,23.6568529674205,2.17923457057623e-11,493.605514037018,493.605514033112,-3.90639343095245e-09,1642.12519019487,1642.12519019496,8.230927051045e-11
202,-104.271180302727,-104.271180299888,2.83914403098606e-09,-122.266844789917,-122.266844789942,-2.47837306233123e-11,97.763281291233,97.7632812912903,5.73407987758401e-11,28.1662253031636,28.1662253032096,4.60111948541453e-11,490.062743955862,490.062743951872,-3.99035116060986e-09,1604.62040042312,1604.62040042324,1.16415321826935e-10
203,-103.997729612998,-103.997729609995,3.00367730687867e-09,-122.182462830708,-122.182462830753,-4.47641923528863e-11,99.1195276912037,99.1195276912767,7.30011606719927e-11,32.5714319438486,32.5714319439338,8.52722337185696e-11,486.417456432842,486.417456428789,-4.05384525947738e-09,1567.1382744405,1567.13827444065,1.41199052450247e-10
204,-103.720525768989,-103.720525765815,3.17396597893094e-09,-122.085988694786,-122.08598869486,-7.4010131356772e-11,100.46550425394,100.46550425403,9.02815600056783e-11,36.8726359235063,36.8726359236499,1.43543843478255e-10,482.668233489213,482.668233485124,-4.08959976994083e-09,1529.74975401781,1529.74975401795,1.38015820994042e-10
205,-103.439597700735,-103.439597697385,3.35016636654473e-09,-121.977710832413,-121.977710832528,-1.14283693619655e-10,101.800920420544,101.800920420653,1.09508846435347e-10,41.0701881908293,41.0701881910542,2.24872565013357e-10,478.813760699796,478.813760695696,-4.09909262089059e-09,1492.51924932878,1492.51924932886,8.00355337560177e-11
206,-103.154975150316,-103.154975146784,3.53217899373703e-09,-121.85791647859,-121.857916478757,-1.67659663929953e-10,103.125482123026,103.125482123156,1.30512489704415e-10,45.1646099156862,45.1646099160193,3.33145067088481e-10,474.852825666318,474.85282566224,-4.07789002565551e-09,1455.50496442739,1455.50496442733,-6.45741238258779e-11
207,-102.86668868122,-102.8666886775,3.72003228221729e-09,-121.726891203727,-121.726891203963,-2.35772290579916e-10,104.438892065274,104.438892065428,1.53733026309055e-10,49.156575710759,49.1565757112311,4.72070382784295e-10,470.784316216023,470.784316212003,-4.02059185944381e-09,1418.75922989323,1418.75922989291,-3.19687387673184e-10
208,-102.574769686916,-102.574769683003,3.91366938856663e-09,-121.58491850965,-121.58491850997,-3.20255821861792e-10,105.74084999864,105.74084999882,1.79298353941704e-10,53.0468977822236,53.0468977828684,6.44803321847576e-10,466.607218327795,466.607218323867,-3.92788024328183e-09,1382.32883844584,1382.32883844512,-7.189555617515e-10
209,-102.27925039869,-102.279250394577,4.11306189107563e-09,-121.432279468326,-121.432279468748,-4.22488710682956e-10,107.031052991393,107.0310529916,2.071516291835e-10,56.8365110125775,56.8365110134308,8.53276560519589e-10,462.320613789173,462.32061378538,-3.79293396690628e-09,1346.25537992636,1346.25537992507,-1.291709850193e-09
210,-101.980163892724,-101.980163888406,4.31823821145372e-09,-121.269252400743,-121.269252401287,-5.43892042514926e-10,108.309195691289,108.309195691527,2.37733388530614e-10,60.5264589695058,60.5264589706065,1.10070175196597e-09,457.923677588658,457.923677585047,-3.61103502655169e-09,1310.57557259643,1310.57557259435,-2.07683115149848e-09
211,-101.677544096467,-101.677544091938,4.52909887371788e-09,-121.096112593381,-121.096112594066,-6.85304257785901e-10,109.574970580545,109.574970580817,2.71313638222637e-10,64.1178808269057,64.1178808282932,1.38754785439232e-09,453.415675048752,453.415675045367,-3.38530981025542e-09,1275.32158821058,1275.32158820748,-3.09341885440517e-09
212,-101.371425794306,-101.37142578956,4.74553019103041e-09,-120.913132049767,-120.913132050614,-8.47663272907084e-10,110.828068222487,110.828068222795,3.07636582874693e-10,67.6119991777797,67.6119991794951,1.71539227267203e-09,448.795958706158,448.795958703054,-3.10348013954354e-09,1240.5213687764,1240.52136877202,-4.37671587860677e-09
213,-101.061844632561,-101.061844627594,4.96748953082715e-09,-120.720579274677,-120.720579275708,-1.0316512089048e-09,112.068177499197,112.068177499545,3.47341710948967e-10,71.0101087134916,71.0101087155759,2.08429185022396e-09,444.063964946474,444.063964943706,-2.7674786906573e-09,1206.19893332907,1206.19893332312,-5.94945959164761e-09
214,-100.748837123843,-100.748837118648,5.19489162797981e-09,-120.518719088615,-120.518719089853,-1.23759491543751e-09,113.294985839474,113.294985839865,3.90627974411473e-10,74.3135657397522,74.3135657422462,2.49394815909909e-09,439.219210401631,439.219210399261,-2.37002950598253e-09,1172.37467341316,1172.37467340533,-7.82188180892263e-09
215,-100.432440650776,-100.432440645349,5.42759437394125e-09,-120.30781247029,-120.307812471755,-1.46566492276179e-09,114.508179436474,114.508179436912,4.37424318988633e-10,77.5237784965332,77.5237784994765,2.94326696348435e-09,434.261288119102,434.261288117191,-1.91056415133062e-09,1139.06563628817,1139.06563627815,-1.00203578767832e-08
216,-100.112693469151,-100.112693463485,5.66554092529259e-09,-120.088116424899,-120.088116426615,-1.71587544173235e-09,115.7074434544,115.707443454888,4.88526552544499e-10,80.6421982467683,80.6421982501994,3.43108297329309e-09,429.189863512667,429.189863511284,-1.38220457301941e-09,1106.28579515712,1106.28579514457,-1.25473889056593e-08
217,-99.7896347104992,-99.7896347045907,5.9085039083584e-09,-119.85988387615,-119.859883878138,-1.98807015294733e-09,116.892462223652,116.892462224196,5.43451506018755e-10,83.6703110971152,83.6703111010708,3.95561983168591e-09,424.004670105218,424.004670104433,-7.85405518399784e-10,1074.04630596169,1074.04630594628,-1.54097961058142e-08
218,-99.4633043841609,-99.4633043780044,6.15646911228396e-09,-119.623363580022,-119.623363582304,-2.28179430905584e-09,118.062919423882,118.062919424485,6.03137095822603e-10,86.609630513071,86.6096305175852,4.51423431968578e-09,418.70550507466,418.705505074545,-1.14084741653642e-10,1042.35575049805,1042.35575047944,-1.86080342245987e-08
219,-99.1337433788471,-99.1337433724379,6.40913810912025e-09,-119.378800058404,-119.378800061001,-2.59646526501456e-09,119.218498254403,119.218498255071,6.67569111101329e-10,89.4616904903135,89.4616904954178,5.10426900746097e-09,413.292224614495,413.29222461513,6.35111518931808e-10,1011.22036578452,1011.22036576238,-2.21388063437189e-08
220,-98.8009934637545,-98.8009934570881,6.66642563373898e-09,-119.126433550827,-119.126433553758,-2.93148616492545e-09,120.358881591485,120.358881592223,7.37315986043541e-10,92.228039344158,92.228039349881,5.72302383261558e-09,407.764739121154,407.764739122621,1.4676402315672e-09,980.644259762085,980.644259736088,-2.59977923633414e-08
221,-98.46509728926,-98.4650972823319,6.92810431246471e-09,-118.866499982638,-118.866499985923,-3.28587645981315e-09,121.483752132041,121.483752132853,8.12036660136073e-10,94.9102340794237,94.9102340857904,6.36671870779537e-09,402.123008220447,402.123008222831,2.38429720411659e-09,950.629613531513,950.629613501345,-3.01682803183212e-08
222,-98.1260983872353,-98.1260983800414,7.19397519333143e-09,-118.599230948049,-118.599230951708,-3.65874086583062e-09,122.592792523294,122.592792524187,8.92654838935414e-10,97.5098353037127,97.5098353107444,7.03174407590268e-09,396.367035645848,396.367035649236,3.38820882461732e-09,921.176870431216,921.176870396586,-3.46303750120569e-08
223,-97.7840411710215,-97.7840411635576,7.46385353522783e-09,-118.324853706606,-118.324853710655,-4.04885724947235e-09,123.685685478031,123.68568547901,9.79184733296279e-10,100.028402648065,100.028402655779,7.71474617522472e-09,390.496863981474,390.496863985958,4.48403625341598e-09,892.284912340009,892.284912300635,-3.93738446291536e-08
224,-97.4389709351038,-97.4389709273663,7.73751196447847e-09,-118.043591191707,-118.043591196162,-4.45513137492526e-09,124.762113875073,124.762113876145,1.07208109056955e-09,102.46749066011,102.467490668521,8.41129121909034e-09,384.512569282778,384.512569288451,5.67263214179548e-09,863.951223650925,863.951223606558,-4.43673116024002e-08
225,-97.0909338545287,-97.090933846514,8.01472310740792e-09,-117.755662029915,-117.755662034791,-4.87618478928198e-09,125.821760844655,125.821760845826,1.17181286896084e-09,104.828645136146,104.828645145263,9.11768438527361e-09,378.414255587998,378.414255594957,6.9589418671967e-09,836.172043409085,836.172043359496,-4.95882659379276e-08
226,-96.7399769841042,-96.7399769758091,8.295145903503e-09,-117.46128056989,-117.461280575201,-5.310695883054e-09,126.864309838416,126.864309839694,1.27802479710226e-09,107.113399859988,107.113399869818,9.83025927325798e-09,372.202049333343,372.202049341686,8.34370439406484e-09,808.94250613993,808.942506084916,-5.50139702681918e-08
227,-96.3861482574285,-96.3861482488498,8.57869508763542e-09,-117.160656919844,-117.160656925602,-5.75737146846222e-09,127.889444683765,127.889444685157,1.39185374337103e-09,109.323273717935,109.32327372848,1.05447384157742e-08,365.876093684828,365.876093694659,9.83112613539561e-09,782.256771916248,782.256771855641,-6.06067942499067e-08
228,-96.0294964857883,-96.0294964769234,8.86490170159959e-09,-116.85399699253,-116.853996998745,-6.21477624918043e-09,128.896849622396,128.896849623909,1.51317181007471e-09,111.459768160734,111.459768171991,1.12574980448699e-08,359.436542799436,359.436542810856,1.14207523438381e-08,756.108146224751,756.108146158404,-6.63467289996333e-08
229,-95.6700713569736,-95.67007134782,9.15359521513892e-09,-116.54150255682,-116.541502563501,-6.68119071178808e-09,129.886209332777,129.886209334419,1.64223479259817e-09,113.52436498499,113.524364996954,1.19643601692587e-08,352.883556028037,352.883556041152,1.31151409732411e-08,730.48919019736,730.489190125165,-7.21940978110069e-08
230,-95.3079234340517,-95.3079234246073,9.44443456774025e-09,-116.223371295045,-116.2233713022,-7.15539272277965e-09,130.857208936471,130.857208938251,1.7797674445319e-09,115.518524408053,115.518524420715,1.26619283946638e-08,346.217292072202,346.21729208712,1.49187826536945e-08,705.391821769965,705.391821691844,-7.81210474087857e-08
231,-94.9431041541465,-94.9431041444095,9.73705027718097e-09,-115.899796865291,-115.899796872927,-7.63563434702519e-09,131.809533988182,131.809533990108,1.92588345271361e-09,117.443683411935,117.443683425282,1.33467636942441e-08,339.437903106607,339.437903123434,1.68271867551084e-08,680.807408323646,680.807408239551,-8.4095518104732e-08
232,-94.575665827268,-94.5756658172368,1.00312149697857e-08,-115.57096896796,-115.570968976081,-8.12060818589089e-09,132.742870449424,132.742870451504,2.080497552015e-09,119.301254333371,119.301254347386,1.40151428240642e-08,332.545528878342,332.545528897188,1.88455260285991e-08,656.726851351085,656.726851260999,-9.00855638974463e-08
233,-94.2056616352378,-94.2056616249113,1.03265165307675e-08,-115.237073415922,-115.237073424531,-8.60873683450336e-09,133.656904645795,133.656904648039,2.24432028517185e-09,121.092623678593,121.092623693258,1.46643941434377e-08,325.540290793909,325.540290814882,2.09734025702346e-08,633.140663675251,633.140663579187,-9.60634451985243e-08
234,-93.8331456307562,-93.8331456201336,1.06226849538871e-08,-114.898292207672,-114.89829221677,-9.0986134182458e-09,134.551323207816,134.551323210233,2.41760744756903e-09,122.819151142855,122.819151158146,1.52913059991988e-08,318.422286004161,318.422286027374,2.32130901167693e-08,610.039039729032,610.039039627039,-1.01992782219895e-07
235,-93.4581727366566,-93.4581727257373,1.09192939135028e-08,-114.554803602952,-114.554803612541,-9.58877421908255e-09,135.425812995341,135.425812997941,2.60047272604425e-09,124.482168816103,124.482168831996,1.58933204374989e-08,311.191581496891,311.191581522452,2.55611780630716e-08,587.411919384168,587.411919276319,-1.07849359665124e-07
236,-93.0807987453917,-93.0807987341757,1.12159455056826e-08,-114.206782200337,-114.206782210414,-1.00776560429949e-08,136.280061005589,136.280061008383,2.79328560282011e-09,126.082980557536,126.082980574003,1.64675526548308e-08,303.848208206118,303.848208234134,2.80155632026435e-08,565.249045796055,565.249045682453,-1.13601913653838e-07
237,-92.7010803187995,-92.7010803072871,1.15123270916229e-08,-113.854399016343,-113.854399026907,-1.05640651781869e-08,137.113754264841,137.113754267837,2.99615976473433e-09,127.622861523047,127.622861540059,1.70122262943551e-08,296.392155146534,296.392155177115,3.05807361655752e-08,543.540017708336,543.540017589107,-1.19228957373707e-07
238,-92.3190749881911,-92.3190749763831,1.18079839239726e-08,-113.497821565655,-113.497821576702,-1.10466515934604e-08,137.926579703884,137.926579707093,3.20963522426609e-09,129.103057830754,129.103057848279,1.7525280782138e-08,288.823363580869,288.823363614124,3.32546505887876e-08,522.274336638003,522.274336513302,-1.24701273307437e-07
239,-91.934841154808,-91.9348411427054,1.21026033639282e-08,-113.137213942106,-113.13721395363,-1.15240084141988e-08,138.718224017316,138.71822402075,3.4334277643211e-09,130.524786350952,130.524786368957,1.80047550202289e-08,281.141721227303,281.141721263332,3.60290073331271e-08,501.441449338443,501.441449208449,-1.29994589315174e-07
240,-91.5484380906922,-91.5484380782966,1.23956738207198e-08,-112.77273690008,-112.772736912075,-1.19950271937341e-08,139.488373506819,139.488373510487,3.66790686712193e-09,131.889234607892,131.889234626341,1.84491852905921e-08,273.347056513329,273.347056552239,3.8910570765438e-08,481.030785914606,481.030785779516,-1.35089635477925e-07
241,-91.1599259400134,-91.1599259273266,1.26867973904154e-08,-112.404547936051,-112.404547948509,-1.24585426419799e-08,140.236713908536,140.236713912449,3.91327148463461e-09,133.197560781811,133.197560800669,1.88575768333976e-08,265.439132881808,265.439132923701,4.18933154833212e-08,461.031793941645,461.03179380168,-1.3996543657413e-07
242,-90.7693657208982,-90.7693657079226,1.29756045907925e-08,-112.032801369983,-112.032801382896,-1.29133610471399e-08,140.962930204722,140.962930208891,4.16960688198742e-09,134.450893800563,134.450893819792,1.92286790934304e-08,257.417643154273,257.417643199248,4.49741719421581e-08,441.433968916053,441.433968771446,-1.44606417507021e-07
243,-90.3768193278038,-90.3768193145422,1.32615554093718e-08,-111.657648426369,-111.657648439727,-1.33584308059653e-08,141.666706419812,141.666706424249,4.43671410721436e-09,135.650333511108,135.650333530669,1.95615825759887e-08,249.282203955848,249.282204003997,4.8149388476304e-08,422.226881346602,422.22688119761,-1.48991659898456e-07
244,-89.9823495344796,-89.9823495209354,1.35442519422213e-08,-111.279237314688,-111.279237328481,-1.37927145260619e-08,142.3477254011,142.347725405815,4.71507632937573e-09,136.796950921911,136.796950941767,1.98560030639783e-08,241.032350205485,241.032350256901,5.14166913490044e-08,403.400200771582,403.40020061847,-1.53112125644839e-07
245,-89.5860199975596,-89.5860199837363,1.38232820745543e-08,-110.897713309104,-110.897713323319,-1.42154021887109e-08,143.005668584198,143.005668589202,5.00426722283009e-09,137.89178850811,137.891788528222,2.01115710751765e-08,232.667529674607,232.667529729378,5.47709362308524e-08,384.943716968707,384.943716811758,-1.56949681695551e-07
246,-89.1878952608264,-89.1878952467282,1.40981057938916e-08,-110.513218827233,-110.513218841858,-1.46255274557916e-08,143.64021574349,143.640215748794,5.30457100467174e-09,138.935860571976,138.935860592304,2.03279455490701e-08,224.187097616585,224.187097674796,5.82113557356934e-08,366.847358604991,366.847358444492,-1.60499098456057e-07
247,-88.7880407601898,-88.7880407458215,1.43683109854464e-08,-110.125893507846,-110.125893522868,-1.50222660977306e-08,144.251044727758,144.251044733374,5.6158171446441e-09,139.930153651897,139.930153672402,2.05053538593347e-08,215.590311468906,215.590311530631,6.17256716850534e-08,349.101209555625,349.101209391878,-1.63747415626858e-07
248,-88.38652282942,-88.3865228147865,1.46334144801585e-08,-109.735874287374,-109.735874302779,-1.54048791500827e-08,144.837831181201,144.837831187139,5.93774984736228e-09,140.875626973705,140.875626994349,2.06437675842608e-08,206.876325629353,206.876325694668,6.53144525131211e-08,331.695523103714,331.695522937023,-1.66690711012052e-07
249,-87.983408706675,-87.983408691782,1.48929046872581e-08,-109.343295475103,-109.343295490876,-1.57728266003687e-08,145.400248250044,145.400248256314,6.27031226940744e-09,141.773212938724,141.773212959468,2.07441814836784e-08,198.044186306965,198.044186375937,6.8971928612882e-08,314.620734216347,314.620734047028,-1.69319775977783e-07
250,-87.5787665418639,-87.5787665267176,1.51463126485396e-08,-108.948288826975,-108.9482888431,-1.61252842190152e-08,145.937966274949,145.937966281562,6.61322019368527e-09,142.62381764346,142.623817664267,2.08065955575876e-08,189.092826448102,189.09282652079,7.2688635555096e-08,297.867470077209,297.867469905574,-1.71635122114822e-07
251,-87.1726654048836,-87.1726653894904,1.53931836166521e-08,-108.550983617901,-108.550983634362,-1.64618114695259e-08,146.450652469436,146.450652476402,6.96621782481088e-09,143.428321426321,143.428321447153,2.08318056138523e-08,180.021060737513,180.021060813976,7.64626975069405e-08,281.426559041457,281.426558867826,-1.73630667177349e-07
252,-86.7651752947674,-86.7651752791344,1.56330202116806e-08,-108.151506712525,-108.151506729307,-1.67817972851481e-08,146.937970584523,146.937970591852,7.32913463252771e-09,144.1875794372,144.18757945802,2.08207779905933e-08,170.827580673934,170.827580754216,8.02821773504547e-08,265.289038165104,265.289037989797,-1.7530669538246e-07
253,-86.3563671497851,-86.3563671339198,1.58652682102911e-08,-107.749982634381,-107.749982651466,-1.70849716596422e-08,147.399580559788,147.399580567489,7.70143060435657e-09,144.902422226147,144.902422246922,2.07746211344784e-08,161.510949719417,161.510949803559,8.41423855035828e-08,249.446159448495,249.446159271828,-1.76666389961611e-07
254,-85.9463128585301,-85.9463128424406,1.6089515497697e-08,-107.346533633387,-107.346533650758,-1.7370794580529e-08,147.835138161058,147.83513816914,8.08273625807487e-09,145.573656347762,145.573656368457,2.06942445402092e-08,152.069598521389,152.069598609422,8.80330333075108e-08,233.889394921672,233.889394743965,-1.77707505599756e-07
255,-85.5350852720319,-85.5350852557266,1.63052362722738e-08,-106.941279751646,-106.941279769285,-1.76390528849879e-08,148.244294604927,148.244294613399,8.47251158120343e-09,146.202064978228,146.202064998809,2.05810124498385e-08,142.5018202062,142.501820298153,9.19536944365973e-08,218.610440688418,218.61044050998,-1.78438000375536e-07
256,-85.1227582169292,-85.1227582004173,1.65119189432517e-08,-106.534338887516,-106.534338905406,-1.7889334458232e-08,148.626696170299,148.626696179169,8.87024498297251e-09,146.788408542262,146.788408562698,2.04358912014868e-08,132.805765742837,132.805765838722,9.58856389843277e-08,203.601220035535,203.601219856678,-1.7885693637254e-07
257,-84.7094065097402,-84.7094064930312,1.67090803415704e-08,-106.125826857932,-106.125826876054,-1.81215682459879e-08,148.981983797144,148.981983806419,9.27522592064633e-09,147.333425347518,147.333425367779,2.02606429411389e-08,122.979439375468,122.979439475291,9.98228131265932e-08,188.853885704446,188.853885525471,-1.78974403297616e-07
258,-84.2951059722649,-84.2951059553686,1.6896265719879e-08,-105.715857458951,-105.715857477286,-1.83354700311611e-08,149.309792672666,149.309792682353,9.68699964687403e-09,147.83783222424,147.837832244297,2.00562908503343e-08,113.020694123466,113.020694227228,1.03762417325015e-07,174.360821413363,174.360821234572,-1.78790941163243e-07
259,-83.8799334481537,-83.8799334310808,1.70729208548437e-08,-105.30454252452,-105.304542543051,-1.85310540246064e-08,149.609751805062,149.609751815167,1.01047703537915e-08,148.302325168194,148.302325188019,1.98247391836048e-08,102.927227347744,102.927227455434,1.07689217543339e-07,160.114642710125,160.114642531804,-1.7832101661952e-07
260,-83.4639668206783,-83.4639668034397,1.72386336316777e-08,-104.891991983457,-104.891992002165,-1.87082065394861e-08,149.88148358505,149.881483595578,1.05278274986631e-08,148.727579985123,148.72758000469,1.95673806047125e-08,92.696576382423,92.6965764940148,1.11591802465227e-07,146.108197228252,146.108197050684,-1.77567301307135e-07
261,-83.0472850317356,-83.0472850143427,1.73928782487565e-08,-104.478313914636,-104.478313933503,-1.88667854672531e-08,150.124603335365,150.124603346321,1.09552615867869e-08,149.114252935167,149.114252954453,1.92855225122912e-08,82.326114231159,82.3261143466226,1.15463649308367e-07,132.334564411796,132.334564235256,-1.76539941776355e-07
262,-82.6299681021212,-82.629968084586,1.75352425912934e-08,-104.063614600391,-104.063614619398,-1.90069187055997e-08,150.338718848377,150.338718859763,1.13859641714953e-08,149.462981375844,149.462981394825,1.89810691608727e-08,71.8130453278945,71.8130454471879,1.19293346756422e-07,118.787054768133,118.787054592884,-1.75248729306077e-07
263,-82.2120971531024,-82.2120971354372,1.76651866468092e-08,-103.647998578129,-103.647998597257,-1.91286773087995e-08,150.523429912032,150.523429923851,1.18190826015052e-08,149.774384402364,149.77438442102,1.8655669009604e-08,61.1544013622809,61.1544014853529,1.23071977498057e-07,105.459208701897,105.459208528194,-1.73703170958106e-07
264,-81.7937544293246,-81.7937544115423,1.77823267222266e-08,-103.231568690173,-103.231568709405,-1.92320612768526e-08,150.678327824283,150.678327836537,1.22538494906621e-08,150.04906348418,150.04906350249,1.83106863005378e-08,50.3470371706668,50.3470372974514,1.26784520659839e-07,92.3447949778136,92.3447948058985,-1.7191510437442e-07
265,-81.3750233230822,-81.375023305196,1.78861796484853e-08,-102.814426131849,-102.814426151167,-1.93173121942891e-08,150.802994896201,150.80299490889,1.2689213235717e-08,150.287603096799,150.287603114747,1.79480252882058e-08,39.38762669428,39.3876268247007,1.30420694688382e-07,79.4378088551529,79.4378086852577,-1.69895173485202e-07
266,-80.955988399985,-80.9559883820087,1.79762906782344e-08,-102.396670497817,-102.396670517202,-1.93845863805109e-08,150.897003943956,150.89700395708,1.31236106426513e-08,150.490571348006,150.490571365575,1.75689081061137e-08,28.2726590071079,28.2726591410782,1.33970310400855e-07,66.7324699319104,66.7324697642577,-1.67652686400288e-07
267,-80.5367354260514,-80.536735407999,1.80523471726701e-08,-101.978399826673,-101.978399846107,-1.94340543657745e-08,150.959917769867,150.959917783423,1.35561322167632e-08,150.658520597729,150.658520614905,1.71755232258874e-08,16.9984344169818,16.998434554405,1.37423278090409e-07,54.223219732598,54.2232195673957,-1.65202301616318e-07
268,-80.1173513962576,-80.1173513781438,1.81138517518775e-08,-101.559710643841,-101.559710663307,-1.9465915102046e-08,150.991288632719,150.991288646705,1.39856126679661e-08,150.791988070891,150.79198808766,1.67689790941949e-08,5.56106064450692,5.56106078527183,1.40764913503233e-07,41.9047190696263,41.9047189070735,-1.62552829863216e-07
269,-79.6979245645735,-79.697924546413,1.81604917770528e-08,-101.140698002776,-101.140698022257,-1.94805096498385e-08,150.990657707595,150.990657722006,1.44107161759166e-08,150.891496462637,150.891496478989,1.63511231221491e-08,-6.04355091421119,-6.04355077022444,1.43986751410807e-07,29.771845204736,29.7718450450178,-1.59718197778602e-07
270,-79.2785444755123,-79.2785444573205,1.81917982899904e-08,-100.721455524488,-100.721455543966,-1.94780938045369e-08,150.95755453544,150.95755455027,1.48297658597585e-08,150.95755453544,150.957554551363,1.5923404816931e-08,-17.8196888336511,-17.8196886865786,1.47072515943591e-07,17.8196888336514,17.8196886769399,-1.56711468690673e-07
271,-78.859301997224,-78.8593019790165,1.82075723387243e-08,-100.302075435427,-100.302075454886,-1.94590512592185e-08,150.891496462637,150.891496477879,1.52420227550465e-08,150.990657707596,150.990657723083,1.54872736857214e-08,-29.7718452047359,-29.7718450547235,1.50012482436068e-07,6.04355091421141,6.04355076066697,-1.53544437608844e-07
272,-78.4402893561589,-78.4402893379515,1.82073591759035e-08,-99.8826486037424,-99.882648623166,-1.94236093875588e-08,150.791988070891,150.791988086537,1.56454973421205e-08,150.991288632719,150.991288647764,1.50442645008297e-08,-41.9047190696267,-41.9047189168306,1.52796147290246e-07,-5.5610606445072,-5.56106079473633,-1.50229134909807e-07
273,-78.0216001733274,-78.0216001551365,1.81909314278528e-08,-99.4632645739486,-99.4632645933208,-1.93722229369087e-08,150.658520597729,150.658520613769,1.60391380177316e-08,150.959917769867,150.959917784463,1.45956562391802e-08,-54.2232197325975,-54.2232195771866,1.55410859292715e-07,-16.9984344169816,-16.9984345637589,-1.46777377807439e-07
274,-77.6033295021829,-77.6033294840249,1.81580048774777e-08,-99.044011600015,-99.0440116193202,-1.93052045460718e-08,150.490571348006,150.490571364427,1.64211542141857e-08,150.897003943956,150.8970039581,1.41431542033388e-08,-66.7324699319102,-66.7324697740645,1.57845690296199e-07,-28.2726590071078,-28.2726591503106,-1.43202800728659e-07
275,-77.1855738681506,-77.1855738500423,1.81082810968292e-08,-98.6249766769178,-98.6249766961409,-1.92230658058179e-08,150.287603096799,150.287603113589,1.67902953762677e-08,150.802994896201,150.802994909888,1.36876394662977e-08,-79.4378088551524,-79.4378086950663,1.60086187861452e-07,-39.3876266942798,-39.3876268337964,-1.39516579622523e-07
276,-76.7684313098271,-76.7684312917854,1.80416179773601e-08,-98.2062455706754,-98.2062455898015,-1.91260767223866e-08,150.04906348418,150.049063501325,1.71447993579932e-08,150.678327824283,150.678327837513,1.32305899569474e-08,-92.3447949778135,-92.3447948156906,1.62122802294107e-07,-50.3470371706666,-50.3470373063989,-1.35732285855283e-07
277,-76.3520014218714,-76.3520014039136,1.79577881453952e-08,-97.7879028468976,-97.7879028659124,-1.90147915191119e-08,149.774384402364,149.774384419847,1.74831313870527e-08,150.523429912032,150.523429924806,1.27735120258876e-08,-105.459208701897,-105.459208537952,1.63945387043896e-07,-61.1544013622812,-61.1544014941423,-1.31861028762614e-07
278,-75.9363853996086,-75.936385381752,1.78566068598229e-08,-97.3700318978788,-97.3700319167685,-1.88896507324898e-08,149.462981375844,149.462981393648,1.78040409082314e-08,150.338718848378,150.338718860695,1.23170877941448e-08,-118.787054768133,-118.787054602589,1.65543255548073e-07,-71.8130453278941,-71.8130454558102,-1.27916109704529e-07
279,-75.5216860853636,-75.5216860676256,1.77379888555151e-08,-96.9527149682644,-96.9527149870155,-1.87510664773072e-08,149.114252935167,149.114252953273,1.81055099801597e-08,150.124603335365,150.124603347228,1.18627099254809e-08,-132.334564411795,-132.334564244892,1.66903618037395e-07,-82.3261142311588,-82.3261143550652,-1.23906403359797e-07
280,-75.1080080165435,-75.1080079989416,1.76018630781982e-08,-96.5360331793217,-96.5360331979213,-1.8599536133479e-08,148.727579985123,148.727580003509,1.83862596259132e-08,149.88148358505,149.881483596462,1.14112879145978e-08,-146.108197228251,-146.108197060233,1.68018175372708e-07,-92.696576382423,-92.6965765022687,-1.19845722679202e-07
281,-74.6954574754804,-74.6954574580322,1.74482011061627e-08,-96.1200665518463,-96.1200665702817,-1.84354291832278e-08,148.302325168194,148.302325186839,1.86449824468582e-08,149.609751805062,149.609751816026,1.09638449430349e-08,-160.114642710125,-160.114642541245,1.68880234241442e-07,-102.927227347745,-102.927227463488,-1.15742992079504e-07
282,-74.2841425410493,-74.2841425237724,1.72769176742804e-08,-95.7048940277351,-95.7048940459946,-1.82594845909989e-08,147.83783222424,147.83783224312,1.88796889233345e-08,149.309792672666,149.309792683187,1.05212052403658e-08,-174.360821413363,-174.360821243887,1.69476379596745e-07,-113.020694123466,-113.020694235079,-1.11613161379864e-07
283,-73.8741731420677,-73.8741731249796,1.70881548910984e-08,-95.2905934902598,-95.2905935083318,-1.8072014995596e-08,147.333425347518,147.333425366607,1.90892706086743e-08,148.981983797144,148.981983807228,1.00843635664205e-08,-188.853885704446,-188.853885534643,1.69803257676904e-07,-122.979439375468,-122.97943948293,-1.07462483356358e-07
284,-73.4656611124835,-73.4656610956017,1.68818701240525e-08,-94.8772417830708,-94.8772418009443,-1.78734467226604e-08,146.788408542262,146.788408561534,1.92717664049269e-08,148.626696170299,148.626696179953,9.65408730735362e-09,-203.601220035535,-203.601219865686,1.69848306086351e-07,-132.805765742837,-132.805765846139,-1.03302312481901e-07
285,-73.0587202483541,-73.0587202316958,1.66583191685277e-08,-94.4649147279682,-94.4649147456327,-1.76645329474923e-08,146.202064978228,146.202064997655,1.94264089259377e-08,148.244294604927,148.244294614158,9.23120069273864e-09,-218.610440688418,-218.61044051881,1.69608455280468e-07,-142.5018202062,-142.501820305346,-9.91459216947987e-08
286,-72.653466366613,-72.6534663501954,1.64176157113616e-08,-94.0536871414699,-94.0536871589155,-1.74455863088951e-08,145.573656347762,145.573656367314,1.95513791823032e-08,147.835138161058,147.835138169874,8.81598793966987e-09,-233.889394921673,-233.889394752595,1.69077537748308e-07,-152.06959852139,-152.06959861639,-9.49999616750574e-08
287,-72.250017365619,-72.2500173494591,1.61599302828108e-08,-93.6436328502149,-93.6436328674321,-1.72171752410577e-08,144.902422226147,144.902422245793,1.9645597149065e-08,147.399580559788,147.399580568197,8.40941538626794e-09,-249.446159448494,-249.446159280242,1.68251432342004e-07,-161.510949719417,-161.510949810289,-9.08724473447364e-08
288,-71.8484932874752,-71.8484932715895,1.58856892085169e-08,-93.2348247052326,-93.2348247222125,-1.6979896599878e-08,144.1875794372,144.187579456908,1.9708267018359e-08,146.937970584523,146.937970592535,8.01182409304602e-09,-265.289038165104,-265.28903799798,1.67123630490096e-07,-170.827580673933,-170.827580760708,-8.67741789534193e-08
289,-71.4490163820994,-71.4490163665043,1.55951056513004e-08,-92.8273345951164,-92.8273346118505,-1.67340772350144e-08,143.428321426321,143.428321446059,1.97375413790724e-08,146.450652469436,146.45065247706,7.62381091590214e-09,-281.426559041457,-281.426558875759,1.65698281762161e-07,-180.021060737513,-180.021060820228,-8.27142230264144e-08
290,-71.0517111730251,-71.0517111577365,1.52885917259482e-08,-92.4212334581361,-92.4212334746165,-1.64803850566386e-08,142.62381764346,142.623817663193,1.97327949535975e-08,145.937966274949,145.937966282195,7.24597271073435e-09,-297.86747007721,-297.867469913244,1.63965523825027e-07,-189.092826448102,-189.0928265268,-7.86980365319323e-08
291,-70.656704524897,-70.6567045099304,1.49666163906659e-08,-92.0165912933251,-92.0165913095444,-1.62193174446656e-08,141.773212938724,141.773212958417,1.96932319340704e-08,145.400248250044,145.400248256922,6.87833789925207e-09,-314.620734216347,-314.620734054414,1.61932973696821e-07,-198.044186306965,-198.0441863817,-7.47351123209228e-08
292,-70.2641257126263,-70.2641256979966,1.46296912362232e-08,-91.6134771705801,-91.6134771865314,-1.59513149355917e-08,140.875626973705,140.875626993323,1.96178291389515e-08,144.837831181201,144.837831187722,6.52144649393449e-09,-331.695523103714,-331.695522944118,1.59596083904034e-07,-206.876325629353,-206.876325700186,-7.08328400378377e-08
293,-69.8741064921541,-69.8741064778758,1.42783562750992e-08,-91.2119592398102,-91.2119592554871,-1.56769175418958e-08,139.930153651897,139.930153671403,1.9506330772856e-08,144.251044727758,144.251044733933,6.17552586845704e-09,-349.101209555625,-349.101209398666,1.56959345076757e-07,-215.590311468906,-215.590311535903,-6.6997017711401e-08
294,-69.4867811727675,-69.4867811588542,1.39132083631921e-08,-90.8121047391736,-90.8121047545703,-1.53966226434932e-08,138.935860571976,138.935860591334,1.9357884184501e-08,143.64021574349,143.64021574933,5.84057602281973e-09,-366.84735860499,-366.847358450958,1.5403219322252e-07,-224.187097616584,-224.187097679816,-6.32319654414459e-08
295,-69.1022866908962,-69.1022866773613,1.35349296215281e-08,-90.4139800024404,-90.4139800175514,-1.51109702528629e-08,137.89178850811,137.891788527283,1.91725177955959e-08,143.005668584198,143.005668589715,5.51696643924515e-09,-384.943716968708,-384.943716817894,1.50813491472945e-07,-232.667529674607,-232.667529734155,-5.9547943465077e-08
296,-68.7207626853119,-68.7207626721676,1.31443300688261e-08,-90.0176504655204,-90.0176504803408,-1.48204151173559e-08,136.796950921911,136.796950940861,1.89498621239181e-08,142.3477254011,142.347725406305,5.20486764798989e-09,-403.400200771582,-403.400200624265,1.47317052778817e-07,-241.032350205484,-241.032350261433,-5.59490729301615e-08
297,-68.3423515736313,-68.3423515608892,1.27421628803859e-08,-89.6231806721962,-89.6231806867216,-1.4525411984323e-08,135.650333511108,135.650333529798,1.86899171694677e-08,141.666706419812,141.666706424717,4.90436491418222e-09,-422.226881346602,-422.226881203057,1.43544582442701e-07,-249.282203955847,-249.282204008286,-5.24383096944803e-08
298,-67.9671986300173,-67.967198617688,1.2329252285781e-08,-89.2306342791018,-89.2306342933283,-1.42265150770982e-08,134.450893800563,134.450893818956,1.83931376795954e-08,140.962930204722,140.962930209337,4.61534455098445e-09,-441.433968916052,-441.433968776536,1.3951682831248e-07,-257.417643154273,-257.417643203295,-4.90215370518854e-08
299,-67.5954520639492,-67.5954520520426,1.19065504122773e-08,-88.8400740599866,-88.8400740739107,-1.39241222996134e-08,133.197560781811,133.197560799871,1.80599215582333e-08,140.236713908536,140.236713912873,4.33777813668712e-09,-461.031793941646,-461.031793806406,1.35240213694487e-07,-265.439132881808,-265.439132927512,-4.57043256574252e-08
300,-67.2272630999197,-67.2272630884447,1.14750378088502e-08,-88.4515619093078,-88.4515619229265,-1.36187310317837e-08,131.889234607892,131.889234625583,1.76906951310229e-08,139.488373506819,139.48837351089,4.07158040616196e-09,-481.030785914605,-481.030785783875,1.30729915781558e-07,-273.347056513329,-273.347056555816,-4.24868176196469e-08
301,-66.8627860578939,-66.8627860468581,1.1035794500458e-08,-88.065158845192,-88.0651588585028,-1.33107818101053e-08,130.524786350952,130.524786368239,1.7286566844632e-08,138.718224017316,138.718224021133,3.8169787330844e-09,-501.441449338443,-501.44144921244,1.26003158129606e-07,-281.141721227303,-281.141721266677,-3.93736172554782e-08
302,-66.5021784343448,-66.5021784237549,1.05898436686402e-08,-87.680925011809,-87.6809250248098,-1.30008146470573e-08,129.103057830754,129.103057847602,1.68484177720529e-08,137.926579703884,137.926579707457,3.57360363523185e-09,-522.274336638003,-522.274336516927,1.21075686365657e-07,-288.823363580869,-288.823363617239,-3.63701246897108e-08
303,-66.1456009836572,-66.1456009735189,1.01383506034836e-08,-87.2989196812006,-87.2989196938897,-1.26891848140076e-08,127.622861523047,127.622861539424,1.63778821615779e-08,137.113754264841,137.113754268182,3.34136984747602e-09,-543.540017708335,-543.540017592364,1.15971374725632e-07,-296.392155146534,-296.39215518001,-3.34758851749939e-08
304,-65.7932177996634,-65.7932177899809,9.68255164934817e-09,-86.9192012546083,-86.9192012669846,-1.23762760040336e-08,126.082980557536,126.082980573412,1.58761821467124e-08,136.280061005589,136.280061008709,3.11993630930374e-09,-565.249045796056,-565.249045685346,1.10710061562713e-07,-303.848208206119,-303.848208236812,-3.06938545691082e-08
305,-65.4451963970482,-65.4451963878246,9.22364051803015e-09,-86.5418272633435,-86.5418272754061,-1.20626566513238e-08,124.482168816103,124.482168831448,1.53451935602789e-08,135.425812995341,135.42581299825,2.90950197268103e-09,-587.411919384168,-587.411919278852,1.05315166365472e-07,-311.191581496891,-311.191581524917,-2.80256244877819e-08
306,-65.1017077923281,-65.1017077835652,8.76295302987273e-09,-86.1668543692438,-86.1668543809924,-1.17486109729725e-08,122.819151142855,122.819151157642,1.47869627653563e-08,134.551323207816,134.551323210525,2.70935629487212e-09,-610.039039729031,-610.039039629225,9.98061295831576e-08,-318.422286004161,-318.422286029634,-2.54726160164864e-08
307,-64.7629265840781,-64.7629265757763,8.30181079436443e-09,-85.7943383647622,-85.7943383761968,-1.1434579505476e-08,121.092623678593,121.092623692797,1.42039624506651e-08,133.656904645795,133.656904648315,2.51944243245816e-09,-633.14066367525,-633.140663581031,9.42188762564911e-08,-325.540290793909,-325.540290816942,-2.30334649131692e-08
308,-64.4290310320397,-64.4290310241982,7.84152121013904e-09,-85.424334172732,-85.4243341838529,-1.11209317310568e-08,119.301254333371,119.301254346969,1.35982531901391e-08,132.742870449424,132.742870451763,2.33976038543915e-09,-656.726851351086,-656.726851262513,8.85729605215602e-08,-332.545528878342,-332.545528899053,-2.07109565053543e-08
309,-64.1002031347091,-64.1002031273255,7.38359062779637e-09,-85.0568958458535,-85.0568958566616,-1.08080939753563e-08,117.443683411935,117.443683424908,1.29727766307042e-08,131.809533988182,131.809533990352,2.16974171962647e-09,-680.807408323646,-680.807408240748,8.28974862088216e-08,-339.437903106606,-339.437903125112,-1.85058297574869e-08
310,-63.7766287049555,-63.7766286980263,6.92925539169664e-09,-84.6920765659483,-84.6920765764446,-1.04963646663236e-08,115.518524408053,115.518524420383,1.23302044130469e-08,130.857208936471,130.85720893848,2.00898853108811e-09,-705.391821769965,-705.39182169274,7.72256498748902e-08,-346.217292072202,-346.217292088616,-1.6414901438111e-08
311,-63.4584974431799,-63.4584974366999,6.48007159043118e-09,-84.3299286430264,-84.3299286532126,-1.01861843404549e-08,113.52436498499,113.524364996664,1.16741460942649e-08,129.886209332777,129.886209334634,1.85752924153348e-09,-730.489190197359,-730.489190125777,7.15817805030383e-08,-352.883556028037,-352.883556042477,-1.44399336932111e-08
312,-63.1460030074701,-63.1460030014327,6.03743188776207e-09,-83.9705035142117,-83.9705035240896,-9.87783721484448e-09,111.459768160734,111.459768171741,1.10072306824804e-08,128.896849622396,128.896849624111,1.71490910361172e-09,-756.10814622475,-756.108146158753,6.59974830341525e-08,-359.436542799436,-359.436542812013,-1.25770043268858e-08
313,-62.8393430801556,-62.8393430745529,5.60272184202404e-09,-83.6138517425715,-83.6138517521431,-9.57163592829602e-09,109.323273717935,109.323273728269,1.03332240541931e-08,127.889444683765,127.889444685346,1.58061652655306e-09,-782.256771916248,-782.25677185574,6.05085688221152e-08,-365.876093684828,-365.876093695658,-1.08292965705914e-08
314,-62.5387194301101,-62.5387194249327,5.17745490924426e-09,-83.2600230158958,-83.2600230251637,-9.26793575217744e-09,107.113399859988,107.113399869644,9.65582103162888e-09,126.864309838416,126.864309839871,1.45469414292165e-09,-808.94250613993,-808.942506084794,5.51359562450671e-08,-372.202049333343,-372.202049342532,-9.18981868380797e-09
315,-62.2443379700848,-62.2443379653219,4.76293848805653e-09,-82.9090661454713,-82.9090661544384,-8.96704932529246e-09,104.828645136146,104.828645145124,8.97846064162877e-09,125.821760844655,125.821760845991,1.33658772938361e-09,-836.172043409084,-836.172043359171,4.99138650411624e-08,-378.414255587998,-378.414255595658,-7.66016228226363e-09
316,-61.9564088082929,-61.9564088039323,4.36054392594087e-09,-82.5610290648962,-82.5610290735654,-8.66921823217126e-09,102.46749066011,102.467490668415,8.30503665838478e-09,124.762113875073,124.762113876299,1.22599885798991e-09,-863.951223650924,-863.951223606058,4.48662831331603e-08,-384.512569282778,-384.512569289016,-6.23799678578507e-09
317,-61.6751462933935,-61.675146289422,3.97154309439429e-09,-82.2159588289785,-82.2159588373533,-8.37479774418171e-09,100.028402648065,100.028402655704,7.63897389788326e-09,123.685685478031,123.685685479153,1.12254383566324e-09,-892.284912340009,-892.284912299984,4.00247017751099e-08,-390.496863981474,-390.496863986393,-4.91917262479546e-09
318,-61.4007690519508,-61.4007690483536,3.59727891918737e-09,-81.8739016127647,-81.8739016208486,-8.08398681328981e-09,97.5098353037126,97.5098353106968,6.98423718858976e-09,122.592792523294,122.59279252432,1.02572528248857e-09,-921.176870431216,-921.176870395807,3.54093572241254e-08,-396.367035645848,-396.36703564955,-3.70147290595924e-09
319,-61.1335000173625,-61.1335000141237,3.23884563613319e-09,-81.53490271074,-81.534902718537,-7.79699860231631e-09,94.9102340794237,94.9102340857685,6.34476293726038e-09,121.483752132041,121.483752132977,9.35713728722476e-10,-950.629613531513,-950.629613500464,3.10482164422865e-08,-402.123008220447,-402.12300822303,-2.583419700386e-09
320,-60.8735664491731,-60.8735664462757,2.89736590275425e-09,-81.1990065362455,-81.1990065437597,-7.5142168043385e-09,92.228039344158,92.2280393498819,5.72383385133435e-09,120.358881591485,120.358881592337,8.51755999065062e-10,-980.644259762085,-980.64425973513,2.69544671027688e-08,-407.764739121154,-407.764739122714,-1.56069290824234e-09
321,-60.6211999415956,-60.6211999390218,2.57374210832495e-09,-80.866256621153,-80.8662566283887,-7.23569826277526e-09,89.4616904903136,89.4616904954389,5.12527265073004e-09,119.218498254403,119.218498255177,7.73695774114458e-10,-1011.22036578452,-1011.22036576137,2.31517560678185e-08,-413.292224614495,-413.292224615124,-6.29540863883449e-10
322,-60.3766364199777,-60.3766364177087,2.2689476963933e-09,-80.5366956158391,-80.5366956228008,-6.96171298386616e-09,86.609630513071,86.609630517623,4.55206361493765e-09,118.062919423881,118.062919424583,7.01106728229206e-10,-1042.35575049805,-1042.3557504784,1.96496330318041e-08,-418.70550507466,-418.705505074447,2.124806997017e-10
323,-60.1401161238505,-60.1401161218667,1.98375005311391e-09,-80.2103652895008,-80.2103652961934,-6.69254518470552e-09,83.6703110971152,83.6703111011227,4.00753208396054e-09,116.892462223652,116.892462224286,6.33761487733864e-10,-1074.04630596169,-1074.04630594524,1.6455715012853e-08,-424.004670105218,-424.004670104249,9.68952917901333e-10
324,-59.9118835751014,-59.9118835733828,1.71859682041031e-09,-79.8873065308494,-79.8873065372777,-6.42828013042163e-09,80.6421982467684,80.6421982502622,3.49378126429656e-09,115.7074434544,115.707443454971,5.71390046388842e-10,-1106.28579515712,-1106.28579514354,1.35783011501189e-08,-429.189863512667,-429.189863511023,1.64391167345457e-09
325,-59.6921875297104,-59.6921875282362,1.47414880302676e-09,-79.5675593492236,-79.5675593553928,-6.16914519468992e-09,77.5237784965333,77.5237784995475,3.0142643936415e-09,114.508179436474,114.508179436988,5.13637132826261e-10,-1139.06563628817,-1139.06563627715,1.10180735646281e-08,-434.261288119101,-434.261288116861,2.24093810174963e-09
326,-59.4812809113848,-59.4812809101343,1.25044863352741e-09,-79.2511628761573,-79.2511628820725,-5.9152398534934e-09,74.3135657397523,74.3135657423225,2.57027465977444e-09,113.294985839474,113.294985839935,4.60573801319697e-10,-1172.37467341316,-1172.37467340438,8.77571437740698e-09,-439.219210401631,-439.219210398868,2.7635564947559e-09
327,-59.2794207253234,-59.2794207242757,1.04773789644241e-09,-78.9381553674386,-78.9381553731053,-5.66673463708867e-09,71.0101087134915,71.0101087156549,2.16336104585935e-09,112.068177499197,112.068177499608,4.11290557167376e-10,-1206.19893332907,-1206.19893332224,6.83485268382356e-09,-444.063964946474,-444.063964943257,3.21688276017085e-09
328,-59.0868679502335,-59.0868679493676,8.65867377797258e-10,-78.6285742056944,-78.6285742111182,-5.42374323231343e-09,67.6119991777798,67.6119991795746,1.79478831796587e-09,110.828068222487,110.828068222853,3.65901087207021e-10,-1240.5213687764,-1240.52136877121,5.19139575771987e-09,-448.795958706158,-448.795958702553,3.60489593731472e-09
329,-58.9038874066189,-58.9038874059143,7.04588387634431e-10,-78.322455903533,-78.3224559087194,-5.18640774771484e-09,64.1178808269057,64.1178808283709,1.46515333199204e-09,109.574970580545,109.57497058087,3.24263282891479e-10,-1275.32158821058,-1275.32158820675,3.82601683668327e-09,-453.415675048752,-453.415675044824,3.92873289456475e-09
330,-58.7307475992567,-58.7307475986934,5.63296964628535e-10,-78.0198361072759,-78.0198361122308,-4.95484187013062e-09,60.5264589695058,60.52645897068,1.17412923827942e-09,108.309195691289,108.309195691575,2.85794499177427e-10,-1310.57557259643,-1310.57557259371,2.71825228992384e-09,-457.923677588658,-457.923677584462,4.19572643295396e-09
331,-58.5677205316742,-58.5677205312328,4.41382042026817e-10,-77.7207496013098,-77.7207496060389,-4.72907402127021e-09,56.8365110125775,56.8365110134991,9.21623666272353e-10,107.031052991393,107.031052991644,2.50622633757303e-10,-1346.25537992636,-1346.25537992451,1.84672899194993e-09,-462.320613789173,-462.320613784766,4.40672920376528e-09
332,-58.4150814903505,-58.4150814900126,3.37905703418073e-10,-77.4252303130837,-77.4252303175929,-4.50928894224489e-09,53.0468977822236,53.0468977829298,7.06144476225745e-10,105.74084999864,105.740849998859,2.18335571844364e-10,-1382.32883844584,-1382.32883844466,1.17893250717316e-09,-466.607218327795,-466.607218323226,4.56947191196377e-09
333,-58.2731087962733,-58.2731087960215,2.51716869570373e-10,-77.1333113187803,-77.1333113230756,-4.29538715707167e-09,49.1565757107591,49.1565757112852,5.26149790402997e-10,104.438892065274,104.438892065463,1.88705939763167e-10,-1418.75922989323,-1418.75922989253,6.9576344685629e-10,-470.784316216023,-470.784316211338,4.68492089567007e-09
334,-58.1420835214102,-58.1420835212287,1.81593406978209e-10,-76.8450248496835,-76.8450248537711,-4.08755340686184e-09,45.1646099156862,45.1646099160653,3.79081654955371e-10,103.125482123026,103.125482123188,1.61691104949568e-10,-1455.50496442739,-1455.50496442703,3.57886165147647e-10,-474.852825666318,-474.852825661562,4.75631622975925e-09
335,-58.0222891675866,-58.0222891674606,1.25972121622908e-10,-76.5604022992652,-76.560402303151,-3.88580190247012e-09,41.0701881908293,41.0701881910918,2.62517119153927e-10,101.800920420544,101.800920420681,1.37006850309263e-10,-1492.51924932878,-1492.51924932864,1.43472789204679e-10,-478.813760699795,-478.813760695005,4.79019490740029e-09
336,-57.9140113052145,-57.9140113051311,8.33253466225869e-11,-76.2794742310106,-76.2794742347007,-3.69009001133236e-09,36.8726359235063,36.8726359236793,1.73038472439657e-10,100.46550425394,100.465504254055,1.14596332423389e-10,-1529.74975401782,-1529.74975401779,2.11457518162206e-11,-482.668233489213,-482.668233484424,4.78979700346827e-09
337,-57.8175371692919,-57.8175371692399,5.19264631293481e-11,-76.0022703870018,-76.0022703905023,-3.50051720943156e-09,32.5714319438487,32.571431943956,1.07398534510139e-10,99.1195276912037,99.1195276912978,9.41327016334981e-11,-1567.1382744405,-1567.13827444054,-3.36513039655983e-11,-486.417456432842,-486.417456428088,4.75398564958596e-09
338,-57.7331552100832,-57.7331552100533,2.99067437481426e-11,-75.7288196972732,-75.7288197005902,-3.31706928591302e-09,28.1662253031637,28.1662253032251,6.13660233739211e-11,97.763281291233,97.7632812913086,7.56443796490203e-11,-1604.62040042312,-1604.62040042317,-4.93400875711814e-11,-490.062743955862,-490.06274395117,4.69185579277109e-09
339,-57.6611545959177,-57.6611545959023,1.54898316395702e-11,-75.459150289955,-75.4591502930947,-3.1397178190673e-09,23.6568529673988,23.6568529674305,3.16795478738641e-11,96.3970518182419,96.3970518183007,5.88187276662211e-11,-1642.12519019487,-1642.12519019492,-4.45652403868735e-11,-493.605514037018,-493.605514032415,4.60335058960482e-09
340,-57.6018246655978,-57.6018246655909,6.89936996423057e-12,-75.1932895022154,-75.1932895051838,-2.96843438718497e-09,19.0433583992326,19.0433583992465,1.3962164757686e-11,95.0211219523105,95.021121952354,4.34994262832333e-11,-1679.57485691487,-1679.5748569149,-2.8421709430404e-11,-497.047289459389,-497.047289454897,4.49244907940738e-09
341,-57.5554543280009,-57.5554543279984,2.45137243837235e-12,-74.9312638920105,-74.9312638948138,-2.80323320112075e-09,14.3260109879569,14.3260109879618,4.87965223783249e-12,93.6357699968443,93.6357699968742,2.98854274660698e-11,-1716.8844727127,-1716.88447271271,-1.15960574476048e-11,-500.389698785221,-500.389698780856,4.36511982115917e-09
342,-57.522331406597,-57.5223314065965,5.89750470680883e-13,-74.6730992506515,-74.6730992532955,-2.64401478489162e-09,9.50532627003765,9.50532627003892,1.27009514017118e-12,92.2412695837072,92.2412695837249,1.76640924109961e-11,-1753.9616964515,-1753.9616964515,-5.91171556152403e-12,-503.634477055933,-503.634477051715,4.21709955844563e-09
343,-57.5027419267844,-57.5027419267843,6.3948846218409e-14,-74.4188206161921,-74.4188206186828,-2.49079334935232e-09,4.58208686501244,4.58208686501245,1.15463194561016e-14,90.8378893767901,90.8378893767965,6.3664629124105e-12,-1790.70653213826,-1790.70653213826,1.36424205265939e-12,-506.783466219506,-506.783466215446,4.05958644478233e-09
344,-57.496969344184,-57.4969693441839,7.105427357601e-15,-74.1684522876413,-74.1684522899848,-2.34351205108396e-09,-0.442635968860562,-0.44263596886045,1.12021503184678e-13,89.4258927747662,89.4258927747629,-3.26849658449646e-12,-1827.01112562438,-1827.01112562439,-1.13686837721616e-12,-509.838615288586,-509.838615284697,3.88808985007927e-09
345,-57.5052937123311,-57.5052937123311,7.105427357601e-15,-73.9220178400023,-73.9220178422043,-2.20205720324884e-09,-5.56746027699187,-5.56746027699195,-8.61533067109121e-14,88.0055376137776,88.0055376137654,-1.22213350550737e-11,-1862.75960794217,-1862.75960794218,-2.27373675443232e-12,-512.801980233715,-512.801980230006,3.70869202015456e-09
346,-57.527990788559,-57.5279907885588,2.48689957516035e-13,-73.6795401401359,-73.6795401422023,-2.06638617328281e-09,-10.7906709908063,-10.7906709908058,5.00932628710871e-13,86.5770758707781,86.5770758707583,-1.97388771994156e-11,-1897.82799429007,-1897.82799429007,-2.27373675443232e-13,-515.675723617193,-515.67572361367,3.52258666680427e-09
347,-57.5653310773032,-57.5653310773016,1.66267000167863e-12,-73.4410413634467,-73.4410413653831,-1.93642790691229e-09,-16.1101973178493,-16.1101973178459,3.36797256750287e-12,85.140753368248,85.1407533682214,-2.66311417362886e-11,-1932.08414828534,-1932.08414828536,-1.68256519827992e-11,-518.462113974059,-518.462113970727,3.33159277943196e-09
348,-57.6175788105554,-57.6175788105494,5.99698068981525e-12,-73.2065430113865,-73.2065430131986,-1.81208292815427e-09,-21.5235901349227,-21.5235901349111,1.16067155886412e-11,83.6968094809695,83.696809480937,-3.24860138789518e-11,-1965.38782161938,-1965.38782161945,-7.07132130628452e-11,-521.163524947715,-521.163524944576,3.13946202368243e-09
349,-57.6849908657808,-57.6849908657649,1.59445789904566e-11,-72.976065929769,-72.9760659314623,-1.69330860444461e-09,-27.0279996082538,-27.0279996082234,3.04360980862839e-11,82.2454768455349,82.2454768454974,-3.74882347387029e-11,-1997.5907796454,-1997.59077964562,-2.20779838855378e-10,-523.782434188613,-523.782434185667,2.94551227852935e-09
350,-57.7678156222757,-57.7678156222403,3.54276608049986e-11,-72.7496303278865,-72.7496303294664,-1.57989177296258e-09,-32.6201532943149,-32.6201532942494,6.54694076729356e-11,80.7869810732327,80.7869810731909,-4.17799128626939e-11,-2028.53702366481,-2028.53702366536,-5.51153789274395e-10,-526.32142202532,-526.321422022569,2.75122147286311e-09
351,-57.8662917576847,-57.8662917576151,6.95337121214834e-11,-72.5272557984187,-72.5272557998905,-1.47177559028933e-09,-38.2963350049303,-38.2963350048045,1.25822907648399e-10,79.3215404669288,79.3215404668833,-4.54889459433616e-11,-2058.0631207182,-2058.06312071938,-1.18416210170835e-09,-528.783169918108,-528.783169915547,2.56090970651712e-09
352,-57.9806469872318,-57.9806469871071,1.24700250125898e-10,-72.3089613381221,-72.308961339491,-1.36890321300598e-09,-44.052364750099,-44.0523647498794,2.19593232486659e-10,77.8493657425334,77.849365742485,-4.84305928694084e-11,-2085.99865148898,-2085.9986514913,-2.31875674217008e-09,-531.170458705925,-531.170458703553,2.37275799008785e-09
353,-58.111096749127,-58.1110967489181,2.08878248031397e-10,-72.0947653692857,-72.0947653705569,-1.27113253256539e-09,-49.8835801008432,-49.8835801004855,3.57651686044846e-10,76.3706597556113,76.3706597555605,-5.0860649025708e-11,-2112.16678644913,-2112.16678645335,-4.22051016357727e-09,-533.48616665833,-533.486166656141,2.18938112084288e-09
354,-58.2578428405993,-58.2578428402676,3.31688454480172e-10,-71.8846857619385,-71.8846857631168,-1.17825038614683e-09,-55.7848193414905,-55.7848193409401,5.50407719401846e-10,74.8856172336601,74.8856172336074,-5.27080601386842e-11,-2136.38499957689,-2136.38499958413,-7.23912307876162e-09,-535.733267344528,-535.733267342518,2.01021066459361e-09
355,-58.4210720100695,-58.4210720095652,5.0437165555195e-10,-71.6787398567922,-71.6787398578825,-1.0902567737503e-09,-61.7504068051984,-61.7504068043891,8.09336597740185e-10,73.3944245145465,73.3944245144924,-5.41149347554892e-11,-2158.46592781517,-2158.46592782702,-1.18466232379433e-08,-537.914827332193,-537.914827330355,1.83854353963397e-09
356,-58.6009545120979,-58.6009545113581,7.3971762049041e-10,-71.4769444889016,-71.4769444899086,-1.00699537597393e-09,-67.7741408071394,-67.7741408059953,1.14407328055677e-09,71.8972592915576,71.8972592915028,-5.48112666365341e-11,-2178.21838288213,-2178.21838290074,-1.86078068509232e-08,-540.034003729182,-540.034003727508,1.6746071196394e-09
357,-58.7976426329174,-58.7976426318651,1.05236352965221e-09,-71.2793160120231,-71.2793160129513,-9.28281451706425e-10,-73.8492846054953,-73.8492846039316,1.56364876602311e-09,70.3942903654819,70.3942903654266,-5.53512791157118e-11,-2195.44852006439,-2195.44852009263,-2.82389009953476e-08,-542.094041581599,-542.094041580083,1.51578660734231e-09
358,-59.0112691955726,-59.011269194114,1.45862344425041e-09,-71.0858703236518,-71.0858703245058,-8.54001314110064e-10,-79.9685608299969,-79.9685608279232,2.07376160688e-09,68.8856774041022,68.8856774040469,-5.53086465515662e-11,-2209.96116619932,-2209.9611662409,-4.15789145336021e-08,-544.098271141928,-544.09827114056,1.36776634462876e-09
359,-59.2419460549094,-59.2419460529331,1.97624672182428e-09,-70.8966228907165,-70.8966228915005,-7.8402706549241e-10,-86.1241498199933,-86.1241498173156,2.67775135398551e-09,67.3715707094419,67.3715707093869,-5.49391643289709e-11,-2221.56130618116,-2221.56130624081,-5.96442077949177e-08,-546.050105021129,-546.050105019904,1.22486198961269e-09
360,-59.4897625938845,-59.4897625912599,2.62455301935915e-09,-70.7115887759093,-70.7115887766276,-7.18230808161024e-10,-92.3076923076922,-92.307692304319,3.37325900545693e-09,65.852110993066,65.8521109930115,-5.44844169780845e-11,-2230.05572401566,-2230.05572409923,-8.35675564303529e-08,-547.953035238671,-547.95303523758,1.09071152110118e-09
