Krank_Acisi_deg,theta2_deg,theta3_deg,theta4_deg,theta5_deg,omega2_deg_s,omega3_deg_s,omega4_deg_s,omega5_deg_s,alpha2_deg_s2,alpha3_deg_s2,alpha4_deg_s2,alpha5_deg_s2,Kisit_Kalintisi_mm,Newton_Iterasyon,Jacobian_Cond
0,-22.6198649480404,-59.4897625938844,-153.049333115143,-70.7115887759093,-172.307692307692,-92.3076923076923,114.2845521608,65.852110993066,-1122.3534254166,-2230.05572401566,218.329844953888,-547.953035238671,1.4210854715202e-14,2,3.06234136136057
0.5,-22.860260648534,-59.6201196636382,-152.890395016453,-70.6206563159798,-173.859874316031,-95.40718802191,114.585568950588,65.090415048284,-1112.66737070885,-2233.0788362321,215.128710083558,-548.887273697601,2.8421709430404e-14,4,3.07208343085862
1,-23.1028025799924,-59.7547842338512,-152.731041937251,-70.5307826646283,-175.398094794201,-98.5102968660858,114.882116282984,64.3274291597029,-1102.24648105474,-2235.25479072817,211.893818643139,-549.810630184465,2.8421709430404e-14,4,3.08168937938747
1.5,-23.3474706381786,-59.8937604982965,-152.57128011769,-70.4419696030944,-176.921323516107,-101.615826329012,115.174147241998,63.5631681239972,-1091.0769974763,-2236.56075989611,208.625124799287,-550.723562170234,2.8421709430404e-14,4,3.09115420697733
2,-23.5942432749064,-60.0370509726102,-152.41111586313,-70.3542188925095,-178.428511561399,-104.722552514119,115.461614848177,62.7976460994116,-1079.14576824198,-2236.97438735065,205.322582979936,-551.626531506583,7.105427357601e-15,4,3.10047290122367
2.5,-23.8430974726789,-60.1846564511771,-152.25055554422,-70.2675322747875,-179.918592196604,-107.829220839826,115.74447205887,62.0308765997459,-1066.44030331662,-2236.4738542282,201.986147722811,-552.520004325533,2.1316282072803e-14,4,3.10964044290875
3,-24.0940087206044,-60.3365759650517,-152.089605596993,-70.181911473524,-181.390481832299,-110.934546832937,116.02267176827,61.2628724884804,-1052.94882937181,-2235.0379468457,198.615773523261,-553.404450938461,2.1316282072803e-14,4,3.11865181182606
3.5,-24.3469509916944,-60.4928067410487,-151.928272522951,-70.0973581949038,-182.843081056963,-114.037217016833,116.296166807254,60.4936459730415,-1038.66034515915,-2232.64612551217,195.211414681525,-554.280345734584,2.1316282072803e-14,4,3.12750199279962
4,-24.6018967216503,-60.6533441621325,-151.76656288915,-70.0138741286156,-184.275275747858,-117.135889895911,116.564909943,59.7232085992088,-1023.56467703505,-2229.27859426783,191.77302514952,-555.14816707901,1.4210854715202e-14,4,3.1361859818894
4.5,-24.8588167892482,-60.8181817292417,-151.604483328294,-69.9314609487751,-185.685938259017,-120.229197037385,116.828853878401,58.951571245664,-1007.65253441243,-2224.91637130832,188.300558377235,-556.008397210456,2.8421709430404e-14,4,3.14469879277266
5,-25.1176804984254,-60.9873110246848,-151.442040538821,-69.8501203148549,-187.073928686049,-123.315744251221,117.087951251261,58.1787441186823,-990.915564902741,-2219.54135983437,184.793967158851,-556.861522138735,1.4210854715202e-14,4,3.15303546329012
5.5,-25.3784555621775,-61.1607216772423,-151.279241284998,-69.7698538726223,-188.438096207181,-126.394112868619,117.342154633273,57.4047367469656,-973.346408899313,-2213.13641905095,181.253203478639,-557.708031542097,1.4210854715202e-14,4,3.16119106214474
6,-25.6411080883706,-61.3384013291135,-151.116092397008,-69.6906632550836,-189.777280499566,-129.462861119037,117.591416528792,56.6295579766192,-954.93875334319,-2205.68543502457,177.678218356776,-558.548418664523,2.8421709430404e-14,4,3.16916069573975
6.5,-25.9056025675712,-61.5203356048437,-150.952600771051,-69.6125500834358,-191.090313229549,-132.520525605351,117.835689373386,55.8532159662706,-935.687384402446,-2197.17339109307,174.068961695127,-559.383180213057,1.4210854715202e-14,4,3.17693951514152
7,-26.1719018629973,-61.7065080823681,-150.788773369436,-69.5355159680247,-192.37601961518,-135.565622876314,118.074925532176,55.0757181823306,-915.588238788147,-2187.58643750918,170.425382123114,-560.212816255266,2.8421709430404e-14,4,3.18452272315185
7.5,-26.4399672026884,-61.8969002663067,-150.62461722068,-69.4595625093092,-193.633220058888,-138.596651095023,118.309077297962,54.2970713943975,-894.638453423177,-2176.91195998745,166.747426843742,-561.037830116911,2.8421709430404e-14,4,3.19190558147314
8,-26.7097581739898,-62.0914915636416,-150.460139419614,-69.3846912988329,-194.860731847833,-141.612091801624,118.538096889137,53.5172816708024,-872.836413174971,-2165.13864681446,163.035041479886,-561.85872827991,2.8421709430404e-14,4,3.19908341794903
8.5,-26.9812327204447,-62.2902592619073,-150.295347127483,-69.3109039202002,-196.057370919038,-144.610411768035,118.761936447382,52.7363543742962,-850.181796359795,-2152.25655417383,159.288169920908,-562.676020280673,7.105427357601e-15,4,3.2060516338621
9,-27.2543471411803,-62.4931785100193,-150.13024757206,-69.2382019500599,-197.221953686,-147.59006494195,118.980548035156,51.9542941578781,-826.675617724516,-2138.25716933172,155.50675416971,-563.490218608883,1.4210854715202e-14,4,3.21280571126942
9.5,-27.529056092872,-62.7002223018621,-149.96484804775,-69.1665869590935,-198.353298923082,-150.549494476905,119.193883632967,51.1711049607633,-802.320268612326,-2123.13347132444,151.690734190291,-564.301838606801,1.4210854715202e-14,4,3.21934122035573
10,-27.8053125943621,-62.9113614627558,-149.799155915714,-69.0960605130092,-199.450229703563,-153.487134844695,119.401895136436,50.3867900044907,-777.119554021236,-2106.87998878827,147.840047755903,-565.111398369152,2.8421709430404e-14,4,3.22565382678362
10.5,-28.0830680340049,-63.1265646389097,-149.633178603984,-69.0266241735416,-200.511575386835,-156.401414025914,119.604534353149,49.6013517891698,-751.07872626895,-2089.49285457251,143.954630297886,-565.919418643675,2.8421709430404e-14,4,3.23173929901906
11,-28.362272179804,-63.3457982899714,-149.466923607588,-68.9582794994558,-201.536173649837,-159.290755773906,119.801752999302,48.8147920898637,-724.204514984569,-2070.96985678009,140.034414755251,-566.726422732383,1.4210854715202e-14,4,3.23759351561036
11.5,-28.6428731923972,-63.5690266847672,-149.300398488683,-68.8910280475573,-202.52287255744,-162.153581946926,119.993502696129,48.0271119531104,-696.505153156931,-2051.31048588649,136.079331425118,-567.532936393607,2.8421709430404e-14,4,3.24321247239791
12,-28.9248176409422,-63.7962119003262,-149.133610876684,-68.8248713737056,-203.470532666113,-164.98831490282,120.179734966139,47.2383116935784,-667.990398980933,-2030.51597759634,132.089307814059,-568.339487744866,1.4210854715202e-14,4,3.24859228963196
12.5,-29.2080505219425,-64.0273138242703,-148.966568468408,-68.7598110338337,-204.378029154882,-167.793379950074,120.360401229127,46.448390890857,-638.67155325721,-2008.58935110888,128.064268490441,-569.146607166625,2.8421709430404e-14,4,3.25372921897507
13,-29.4925152810494,-64.2622901606435,-148.799279028219,-68.6958485849704,-205.244253977224,-170.567207848647,120.535452798,45.6573483863797,-608.561472116909,-1985.53544247824,124.004134937839,-569.954827206983,2.8421709430404e-14,4,3.25861965036606
13.5,-29.7781538378625,-64.5010964392452,-148.631750388177,-68.6329855862681,-206.068118027274,-173.308237353552,120.704840874388,44.8651822804792,-577.674574861941,-1961.36093277147,119.908825409597,-570.764682487342,2.8421709430404e-14,4,3.26326011872208
14,-30.0649066137454,-64.7436860285219,-148.463990448199,-68.571223600034,-206.848553313409,-176.014917793771,120.868516544055,44.0718899295729,-546.026846731981,-1936.07437074766,115.778254784609,-571.576709609083,2.8421709430404e-14,4,3.2676473104554
14.5,-30.3527125626608,-64.9900101520603,-148.29600717622,-68.5105641927648,-207.584515132064,-178.685711678717,121.026430772117,43.2774679434769,-513.635836432704,-1909.68618980444,111.612334424388,-572.391447061305,2.8421709430404e-14,4,3.27177806978211
15,-30.6415092050212,-65.2400179087154,-148.127808608368,-68.4510089361861,-208.274984234389,-181.319097324121,121.178534398055,42.4819121828474,-480.520648284706,-1882.20871896351,107.410972031508,-573.209435129642,1.4210854715202e-14,4,3.2756494047997
15.5,-30.9312326645388,-65.4936562963942,-147.959402849137,-68.3925594082941,-208.918968978199,-183.913571488916,121.324778130539,41.685217756749,-446.701928879771,-1853.65618769495,103.174071509472,-574.031215806195,2.8421709430404e-14,4,3.27925849331155
16,-31.2218177080505,-65.7508702395041,-147.790798071578,-68.3352171944012,-209.515507457528,-186.467652014443,121.46511254205,40.8873790203455,-412.201848159787,-1824.04472441037,98.9015328240848,-574.8573327006,2.8421709430404e-14,4,3.28260268837659
16.5,-31.5131977882797,-66.0116026200636,-147.622002517486,-68.2789838881848,-210.063669601999,-188.979880457087,121.599488063322,40.0883895727153,-377.04407486398,-1793.39234848759,94.5932518664054,-575.688330952249,2.8421709430404e-14,4,3.28567952356312
17,-31.8053050894887,-66.2757943124596,-147.453024497606,-68.2238610927385,-210.562559238157,-191.448824705284,121.727854977584,39.2882422547863,-341.253746321763,-1761.71895572376,90.249120317327,-576.524757143689,2.8421709430404e-14,4,3.28848671788686
17.5,-32.0980705759634,-66.543384221823,-147.283872391841,-68.169850421627,-211.01131610494,-193.873081571714,121.850163414618,38.4869291473914,-304.857432601123,-1729.04629714999,85.8690255138694,-577.367159215193,2.8421709430404e-14,4,3.29102218041412
18,-32.3914240432606,-66.8143093259828,-147.114554649465,-68.1169534999426,-211.409117815449,-196.251279351447,121.966363344641,37.6844415694412,-267.883095056022,-1695.39795117813,81.4528503172371,-578.216086380523,2.8421709430404e-14,4,3.29328401451209
18.5,-32.6852941721379,-67.0885047209428,-146.945079789354,-68.0651719653646,-211.755181757297,-198.582080336776,122.07640457199,36.8807700762135,-230.360039350307,-1660.79928908879,77.0004729827159,-579.072089043882,5.6843418860808e-14,4,3.29527052172944
19,-32.9796085850767,-67.3659036698173,-146.77545640022,-68.0145074692215,-212.048766923951,-200.864183279509,122.180236728642,36.0759044577561,-192.318863069818,-1625.27743390894,72.5117670314649,-579.935718718054,2.8421709430404e-14,4,3.29698020529191
19.5,-33.2742939052959,-67.6464376551433,-146.605693140854,-67.9649616775543,-212.289175669625,-203.096325791621,122.277809267545,35.2698337374041,-153.791398068682,-1588.86121276747,67.9866011242704,-580.807527943714,2.8421709430404e-14,4,3.29841177319876
20,-33.5692758181456,-67.9300364344806,-146.435798740377,-67.9165362721828,-212.475755380552,-205.277286675258,122.369071455788,34.4625461704071,-114.810647729473,-1551.58110285656,63.4248389373245,-581.688070209915,1.4210854715202e-14,4,3.29956414090759
20.5,-33.8644791347606,-68.2166280991922,-146.265781998509,-67.8692329517731,-212.607900055704,-207.405888173358,122.453972367586,33.6540292426668,-75.4107193501617,-1513.46917116666,58.8263390400892,-582.577899875718,2.8421709430404e-14,4,3.30043643359664
21,-34.159827857842,-68.5061391362916,-146.095651785836,-67.8230534329067,-212.685051790358,-209.480998132351,122.532460877108,32.8442696695822,-35.6267519027752,-1474.55900820144,54.1909547753077,-583.477572092946,1.4210854715202e-14,4,3.30102798799537
21.5,-34.455245249428,-68.7984944932277,-145.925417044095,-67.7779994511519,-212.706702156277,-211.501532068762,122.604485651134,32.0332533950019,4.50516056042643,-1434.8856559174,49.5185341412257,-584.38764273005,2.1316282072803e-14,4,3.3013383537757
22,-34.7506539005075,-69.0936176454687,-145.75508678647,-67.7340727621356,-212.672393472656,-213.46645513188,122.669995141553,31.2209655902806,44.9480495483048,-1394.48553016896,44.8089196760823,-585.308668297033,2.8421709430404e-14,4,3.30136729449828
22.5,-35.0459758023188,-69.3914306667355,-145.58467009789,-67.691275142617,-212.58171996245,-215.374783955073,122.728937577699,30.4073906534403,85.664156487479,-1353.39633797516,40.0619483449331,-586.241205871412,3.5527136788005e-14,4,3.30111478810986
23,-35.3411324191723,-69.6918543017247,-145.41417613535,-67.6496083915623,-212.434328789167,-217.225588388805,122.781260958534,29.5925122084318,126.615020436857,-1311.65698995659,35.2774514288648,-587.185813025169,2.8421709430404e-14,4,3.30058102698971
23.5,-35.6360447626276,-69.9948080411531,-145.24361412823,-67.60907433122,-212.229920969717,-219.017993108896,122.826913044678,28.776313104499,167.761568780024,-1269.30750832197,30.4552544166672,-588.143047752654,2.8421709430404e-14,4,3.29976641754488
24,-35.93063346685,-70.3002101989453,-145.072993378639,-67.5696748081975,-211.968252159464,-220.751179094135,122.86584135029,27.958775415642,209.064210495323,-1226.38893081134,25.5951768990191,-589.113468399374,2.8421709430404e-14,4,3.29867157935595
24.5,-36.2248188649669,-70.6079779913805,-144.902323261754,-67.5314116945381,-211.649133306193,-222.424384967916,122.897993134808,27.1398804401774,250.482931586313,-1182.94321102805,20.6970324652549,-590.09763359162,1.4210854715202e-14,4,3.29729734387692
25,-36.5185210662392,-70.9180276180044,-144.731613226188,-67.4942868887982,-211.272431170268,-224.036908199202,122.923315394536,26.3196087003975,291.977392241056,-1139.01311561348,15.7606286027721,-591.096102166878,1.4210854715202e-14,4,3.29564475269439
25.5,-36.8116600338623,-71.2302743441101,-144.560872794357,-67.458302317126,-210.838068708924,-225.588106158758,122.941754854107,25.4979399423248,333.507025277629,-1094.64211873675,10.7857665991459,-592.109433104939,7.105427357601e-15,4,3.29371505535336
26,-37.1041556632038,-71.5446325845825,-144.390111562865,-67.4234599343393,-210.346025323174,-227.077397027256,122.953257957804,24.6748531355614,375.031135425455,-1049.87429438699,5.77224144701486,-593.13818545965,1.4210854715202e-14,4,3.29150970675847
26.5,-37.3959278602899,-71.8610159889005,-144.219339202896,-67.389761725004,-209.79633696652,-228.504260552549,122.957770860752,23.8503264732337,416.508998987588,-1004.75420696672,0.71984175180183,-594.182918291226,2.1316282072803e-14,4,3.28903036416116
27,-37.6868966203452,-72.1793375270842,-144.048565460628,-67.3572097045123,-209.189096115245,-229.868238654105,122.955239419987,23.02433737203,457.899963427914,-959.32680069301,-4.37165035765696,-595.244190599038,4.2632564145606e-14,4,3.28627888374515
27.5,-37.976982106197,-72.4995095763748,-143.877800157648,-67.3258059201616,-208.524451600696,-231.168935873299,122.945609185395,22.1968624723315,499.16354642946,-913.637288316524,-9.50245931551508,-596.322561254785,1.4210854715202e-14,4,3.28325731682376
28,-38.2661047263491,-72.8214440084331,-143.707053191386,-67.2955524522319,-207.802608304621,-232.406019668966,122.928825390543,21.3678776384361,540.259533975562,-867.731039669017,-14.6728162022693,-597.41858893597,1.4210854715202e-14,4,3.27996790566428
28.5,-38.5541852125411,-73.1450522768402,-143.536334535563,-67.266451415064,-207.02382671921,-233.57922055834,122.904832943393,20.5373579588736,581.148077014325,-821.653470546185,-19.8829588250023,-598.532832059559,1.4210854715202e-14,4,3.27641307895598
29,-38.841144696601,-73.4702455046877,-143.365654240649,-67.2385049581362,-206.188422374116,-234.68833210418,122.873576416901,19.7052777468143,621.789786278741,-775.449932425529,-25.1331317944316,-599.665848715743,0,4,3.27259544693941
29.5,-39.1269047864138,-73.7969345720433,-143.195022434331,-67.2117152671415,-205.296765133303,-235.733210749596,122.835000039518,18.8716105405683,662.145824849696,-729.165603508078,-30.4235865986924,-600.818196601674,2.8421709430404e-14,4,3.26851779621585
30,-39.4113876408233,-74.1250302030834,-143.024449322004,-67.1860845650626,-204.349278365123,-236.713775502732,122.789047685591,18.0363291041777,702.177998066697,-682.845381558788,-35.7545816737751,-601.990432955064,1.4210854715202e-14,4,3.26418308425684
30.5,-39.6945160432966,-74.4544430526841,-142.853945187266,-67.1616151132475,-203.346437989588,-237.630007474138,122.735662865663,17.1994054281011,741.848840411545,-636.533779002928,-41.1263824705342,-603.183114487528,2.1316282072803e-14,4,3.25959443363447
31,-39.9762134741815,-74.7850837922704,-142.683520392431,-67.1383092124829,-202.28877140727,-238.481949270257,122.674788716686,16.3608107299903,781.121699012753,-590.274820715498,-46.5392615181852,-604.39679731754,2.8421709430404e-14,4,3.25475512599403
31.5,-40.2564041813982,-75.116863194724,-142.513185379054,-67.1161692040672,-201.176856314766,-239.269704247073,122.60636799215,15.5205154555618,819.960813443401,-544.111944917584,-51.9934984842004,-605.632036902867,1.4210854715202e-14,4,3.249668595791
32,-40.5350132494089,-75.4496922181614,-142.342950668472,-67.0951974708822,-200.011319412075,-239.993435628484,122.530343052128,14.6784892795607,858.331391511822,-498.087907567875,-57.4893802305155,-606.889387972345,1.4210854715202e-14,4,3.24433842381516
32.5,-40.811966666321,-75.7834820883958,-142.172826862356,-67.0753964384625,-198.792835007658,-240.653365494543,122.446655853248,13.834701106822,896.199680772828,-452.244690609879,-63.027200865948,-608.169404456844,1.4210854715202e-14,4,3.23876833052475
33,-41.0871913889853,-76.1181443799064,-142.002824643279,-67.0567685760646,-197.522123527291,-241.249773645114,122.355247938589,12.9891190734263,933.533035516845,-406.623414405493,-68.6072617947339,-609.472639419275,0,4,3.2329621692139
33.5,-41.3606154059602,-76.4535910951472,-141.832954775296,-67.0393163977338,-196.199949933136,-241.782996345009,122.256060427525,12.1417105479557,970.299979025083,-361.264254654312,-74.2298717610752,-610.799644983477,2.8421709430404e-14,4,3.22692391903673
34,-41.6321677982206,-76.7897347420334,-141.663228104543,-67.0230424633685,-194.827122059751,-242.253424956991,122.149034005496,11.2924421328471,1006.47026091021,-316.206364065433,-79.8953468895968,-612.150972261818,0,4,3.2206576779114
34.5,-41.9017787975042,-77.1264884094559,-141.493655559843,-67.0079493797844,-193.404488873947,-242.661504469438,122.034108913732,10.4412796658489,1042.01490939404,-271.487799014855,-85.6040107215942,-613.527171281339,1.4210854715202e-14,4,3.21416765532741
35,-42.1693798421894,-77.4637658406817,-141.324248153333,-66.9940398017745,-191.932938665636,-243.007731925715,121.911224938934,9.58818822158012,1076.90627840569,-227.145451387371,-91.3561942469662,-614.928790908261,2.1316282072803e-14,4,3.20745816507903
35.5,-42.4349036306194,-77.8014815045082,-141.155016981099,-66.9813164331683,-190.413397176905,-243.292654762575,121.780321402903,8.73313211319657,1111.11808941571,-183.214985767228,-97.1522359316989,-616.356378770665,2.8421709430404e-14,4,3.20053361794746
36,-42.6982841717872,-78.139550664052,-140.985973223833,-66.9697820278885,-188.846825676674,-243.516869065128,121.641337152145,7.87607489416494,1144.62546795326,-139.730782107226,-102.992481740786,-617.810481179162,2.8421709430404e-14,4,3.19339851435406
36.5,-42.9594568333141,-78.4778894430596,-140.817128147499,-66.9594393910039,-187.234218988346,-243.681017746035,121.49421054744,7.0169793601493,1177.40497478437,-96.7258839715312,-108.87728515644,-619.291643045339,1.4210854715202e-14,4,3.18605743700594
37,-43.2183583866597,-78.8164148896413,-140.648493104013,-66.9502913797815,-185.576603477858,-243.785788656731,121.338879453392,6.15580755101188,1209.43463175929,-54.2319524137296,-114.807007191474,-620.800407797783,0,4,3.1785150435552
37.5,-43.4749270495154,-79.1550450373397,-140.480079531941,-66.9423409047344,-183.875035009518,-243.831912638516,121.175281227964,5.29252075293299,1240.69394236619,-12.2792255185577,-120.78201639769,-622.337317295464,1.4210854715202e-14,4,3.17077605929183
38,-43.7291025253394,-79.4936989634533,-140.31189895721,-66.9355909306666,-182.130596876922,-243.820161521397,121.003352712003,4.42707950065248,1271.16390705591,29.1035163961499,-126.802688869133,-623.902911738249,1.4210854715202e-14,4,3.1628452698898
38.5,-43.9808260400055,-79.8322968445498,-140.143962993833,-66.9300444777157,-180.344397716189,-243.751346078496,120.823030218768,3.55944357983837,1300.82703342878,69.8889799514798,-132.869408240049,-625.497729574329,2.8421709430404e-14,4,3.1547275142249
39,-44.2300403755456,-80.1707600091111,-139.97628334465,-66.9257046223914,-178.517569408528,-243.626313943831,120.634249523459,2.68957202958546,1329.66734139928,110.051382316843,-138.98256567739,-627.122307404305,2.8421709430404e-14,4,3.14642767728198
39.5,-44.4766899009752,-80.5090109872663,-139.808871802081,-66.9225744986102,-176.651264979054,-243.445947501106,120.436945852765,1.8174231450506,1357.67036347702,149.566469347734,-145.142559867679,-628.777179881692,1.4210854715202e-14,4,3.13795068316828
40,-44.7207206002021,-80.8469735575757,-139.641740248896,-66.9206572987272,-174.746656498509,-243.211161751043,120.231053874432,0.942954480227816,1384.8231403235,188.411528368605,-151.349796998058,-630.462879609586,1.4210854715202e-14,4,3.12930148824855
40.5,-44.9620800970267,-81.1845727908431,-139.474900658999,-66.9199562745633,-172.804932994336,-242.922902164612,120.016507686865,0.0661228508705296,1411.11421176329,226.56539574155,-157.604690731342,-632.179937033226,2.1316282072803e-14,4,3.12048507441645
41,-45.200717677251,-81.5217350909399,-139.308365098225,-66.9204747384283,-170.827298377277,-242.582142529257,119.79324080876,-0.8131156624343,1436.53360344532,264.008459383268,-163.907662174863,-633.928880328181,1.4210854715202e-14,4,3.11150644251602
41.5,-45.4365843079216,-81.8583882326377,-139.142145725152,-66.9222160641399,-168.814969389399,-242.189882795046,119.561186168796,-1.69480571103385,1461.07280936475,300.722656412587,-170.259139842908,-635.710235283875,2.8421709430404e-14,4,3.10237060592545
42,-45.6696326537419,-82.1944613964527,-138.976254791929,-66.9251836880381,-166.769173579145,-241.747146927348,119.320276095374,-2.57899267481099,1484.72477046911,336.691466128485,-176.65955961253,-637.52452518216,7.105427357601e-15,4,3.09308258431468
42.5,-45.8998170906929,-82.5298852005164,-138.810704645116,-66.929381109994,-164.691147308674,-241.254980772386,119.070442306424,-3.46572265861495,1507.483849583,371.899898533974,-183.109364672509,-639.37227067063,2.8421709430404e-14,4,3.08364739758699
43,-46.1270937169121,-82.8645917294941,-138.645507726539,-66.9348118944149,-162.582133798453,-240.714449941682,118.811615899296,-4.35504248851091,1529.34580289477,406.334478634508,-189.609005465227,-641.25398963038,2.8421709430404e-14,4,3.07407006001388
43.5,-46.3514203608845,-83.1985145605812,-138.480676574159,-66.9414796712425,-160.443381213687,-240.126637721115,118.543727340722,-5.24699970784253,1550.30774825508,439.983226750748,-196.158939621198,-643.170197037861,2.8421709430404e-14,4,3.06435557457119
44,-46.5727565870085,-83.531588786616,-138.316223822955,-66.949388136947,-158.276140796852,-239.492643009944,118.266706456888,-6.1416425730984,1570.36813054251,472.835635094536,-202.759631886022,-645.121404820526,2.8421709430404e-14,4,3.05450892748357
44.5,-46.7910636986013,-83.863751036354,-138.15216220582,-66.958541055514,-156.081665050213,-238.81357829481,117.980482423605,-7.03902004957305,1589.52668435401,504.882640863854,-209.411554039453,-647.108121705901,2.1316282072803e-14,4,3.04453508298323
45,-47.0063047384175,-84.1949394919543,-137.988504554469,-66.9689422594261,-153.861205971871,-238.090567663371,117.6849837566,-7.93918180681385,1607.78439427966,536.116596117552,-216.115184806345,-649.130853063746,1.4210854715202e-14,4,3.03443897828789
45.5,-47.2184444867565,-84.5250939037389,-137.825263800369,-66.9805956506379,-151.616013348511,-237.324744861869,117.380138301938,-8.84217821384382,1625.14345302029,566.531234693666,-222.871009759148,-651.190100740925,2.8421709430404e-14,4,3.02422551880197
46,-47.4274494572395,-84.854155602285,-137.662452975666,-66.9935052015434,-149.347333107675,-236.517251400535,117.065873226584,-9.74806033414959,1641.60721760497,596.121636436343,-229.67952121166,-653.286362888614,1.4210854715202e-14,4,3.0138995735439
46.5,-47.6332878903415,-85.1820675079227,-137.500085214146,-67.0076749559379,-147.056405732002,-235.669234710397,116.742115009118,-10.6568799204236,1657.18016396129,624.884188995973,-236.541218103718,-655.420133781459,1.4210854715202e-14,4,3.0034659708017
47,-47.8359297447646,-85.5087741377096,-137.338173752186,-67.0231090299704,-144.744464737583,-234.781846354683,116.408789430616,-11.56868940905,1671.86784008717,652.816547464965,-243.456605876491,-657.591903628278,2.8421709430404e-14,4,2.992929494018
47.5,-48.0353466867433,-85.834221609961,-137.176731929738,-67.03981161309,-142.412735218174,-233.856240297627,116.065821565719,-12.4835419143206,1685.67681806613,679.917592108093,-250.426196338028,-659.802158373897,3.5527136788005e-14,4,2.98229487790486
48,-48.2315120773749,-86.1583576464169,-137.015773191311,-67.0577869689827,-140.062432456723,-232.893571233169,115.713135773883,-13.4014912223702,1698.61464516132,706.187384441403,-257.450507518695,-662.051379491689,2.8421709430404e-14,4,2.97156680478794
48.5,-48.4244009580689,-86.4811315721309,-136.855311086971,-67.0770394365005,-137.694760605331,-231.894992975654,115.350655690843,-14.3225917848163,1710.68979421504,731.62712190746,-264.530063516132,-664.340043766379,2.8421709430404e-14,4,2.96074990117887
49,-48.6139900342105,-86.8024943131672,-136.695359273356,-67.0975734305808,-135.31091143446,-230.861656914317,114.978304220308,-15.2468987120904,1721.91161357171,756.239091387562,-271.665394329333,-666.668623066653,1.4210854715202e-14,4,2.94984873457394
49.5,-48.8002576571358,-87.1223983921974,-136.535931514692,-67.119393443157,-132.9120631519,-229.794710533011,114.596003525876,-16.1744677664461,1732.2902767321,780.026621783175,-278.85703568143,-669.037584107118,1.4210854715202e-14,4,2.93886781047658
50,-48.9831838045151,-87.4407979220862,-136.377041683832,-67.1425040440583,-130.499379291733,-228.695295996307,114.203675023221,-17.1053553546289,1741.83673193671,802.994035889921,-286.105528830775,-671.447388199106,1.4210854715202e-14,4,2.92781156964049
50.5,-49.1627500592416,-87.7576485975613,-136.218703763295,-67.1669098818997,-128.074007673259,-227.564548802806,113.801239372541,-18.039618520192,1750.56265186481,825.146601777487,-293.411420369857,-673.898490989854,1.4210854715202e-14,4,2.91668438552979
51,-49.3389395869229,-88.0729076850581,-136.060931846327,-67.1926156849611,-125.637079429606,-226.403596506199,113.388616471295,-18.9773149354415,1758.48038362463,846.490483878561,-300.775262011604,-676.391342189515,2.8421709430404e-14,4,2.90549056199203
51.5,-49.511737112071,-88.386534010837,-135.903740137957,-67.2196262620546,-123.189708105496,-225.213557504354,112.965725447252,-19.9185028929933,1765.60289919871,867.032693978928,-308.19761036259,-678.926385285505,1.4210854715202e-14,4,2.89423433113933
52,-49.6811288930872,-88.6984879474652,-135.747142956078,-67.2479465033798,-120.732988823436,-223.995539896433,112.532484651852,-20.8632412969244,1771.94374649624,886.781042289638,-315.679026682638,-681.504057243604,1.4210854715202e-14,4,2.88291985143277
52.5,-49.8471026961358,-89.0087313987587,-135.591154732524,-67.2775813813668,-118.267997517382,-222.750640407813,112.088811653925,-21.8115896534997,1777.51700115296,905.744088770626,-323.220076630318,-684.124788195291,2.8421709430404e-14,4,2.87155120596453
53,-50.0096477679993,-89.3172277832774,-135.435790014167,-67.3085359515061,-115.795790232764,-221.479943382338,111.634623233764,-22.7636080614547,1782.33721920691,923.931094863497,-330.821329993787,-686.789001110698,1.4210854715202e-14,4,2.86013240093207
53.5,-50.1687548080077,-89.623942016468,-135.281063464009,-67.3408153531641,-113.317402491553,-220.184519841247,111.169835377585,-23.719357201813,1786.41939076673,941.351975779369,-338.483360406416,-689.497111456609,2.8421709430404e-14,4,2.84866736429847
54,-50.3244159391291,-89.928840491544,-135.126989862295,-67.3744248103845,-110.833848720929,-218.865426607905,110.694363272395,-24.6788983272188,1789.77889477778,958.017253476021,-346.206745046633,-692.249526838893,3.5527136788005e-14,4,2.8371599446326
54.5,-50.4766246783107,-90.2318910591974,-134.973584107622,-67.4093696326748,-108.346121743963,-217.523705497285,110.208121301281,-25.6422932507613,1792.4314549796,973.938010446785,-353.992064321359,-695.046646628722,1.4210854715202e-14,4,2.82561391012276
55,-50.6253759061549,-90.5330630062266,-134.820861218062,-67.4456552157765,-105.855192330581,-216.160382569016,109.711023039163,-26.6096043342683,1794.39309713758,989.125844432298,-361.839901532438,-697.888861571944,2.8421709430404e-14,4,2.81403294775727
55.5,-50.7706658360111,-90.8323270331719,-134.668836332282,-67.4832870424185,-103.362008807016,-214.776467442621,109.202981249011,-27.580894476045,1795.68010762065,1003.5928241548,-369.750842525394,-700.776553380935,2.8421709430404e-14,4,2.80242066266529
56,-50.9124919825666,-91.1296552310418,-134.517524710681,-67.522270683054,-100.86749672181,-213.372952673479,108.683907878564,-28.556227098034,1796.3089933865,1017.35144616374,-377.72547531985,-703.71009430824,2.8421709430404e-14,4,2.79078057761108
56.5,-51.0508531300097,-91.4250210572132,-134.366941736519,-67.5626117965778,-98.372558566384,-211.950813187907,108.153714057585,-29.5356661323694,1796.29644342603,1030.41459287084,-385.764389720914,-706.689846701301,2.8421709430404e-14,4,2.77911613263499
57,-51.1857492998433,-91.7183993105883,-134.217102917056,-67.6043161310256,-95.8780735481262,-210.511005775654,107.612310095655,-30.5192760072991,1795.65929170886,1042.79549184237,-393.868176910806,-709.716162537543,1.4210854715202e-14,4,2.76743068483419
57.5,-51.3171817184168,-92.0097661060843,-134.068023884691,-67.647389524253,-93.3848974138774,-209.054468638033,107.059605480563,-31.5071216324477,1794.41448166322,1054.50767640658,-402.037429019994,-712.789382939068,2.1316282072803e-14,4,2.75572750827648
58,-51.4451527842481,-92.2990988485338,-133.91972039811,-67.691837904593,-90.89386232167,-207.582120989823,106.495508877291,-32.49926838339,1792.57903221437,1065.56494762475,-410.272738677039,-715.909837666196,2.8421709430404e-14,4,2.7440097940402
58.5,-51.569666035199,-92.5863762060681,-133.772208343421,-67.7376672914924,-88.4057767585463,-206.094862713012,105.919928127655,-33.4957820855068,1790.17000539824,1075.98133766545,-418.574698536378,-719.077844589055,1.4210854715202e-14,4,2.73228065037365
59,-51.6907261155669,-92.8715780830547,-133.625503735302,-67.7848837961248,-85.9214255022552,-204.593574060425,105.332770250607,-34.4967289970903,1787.20447555899,1085.77107461287,-426.943900783205,-722.293709136413,2.1316282072803e-14,4,2.72054310296722
59.5,-51.8083387431532,-93.1546855926567,-133.479622718142,-67.8334936219796,-83.4415696246308,-203.079115407213,104.733941443241,-35.5021757916685,1783.69950013244,1094.94854873238,-435.380936614589,-725.557723720924,2.1316282072803e-14,4,2.70880009533168
60,-51.9225106763638,-93.4356810290789,-133.334581567184,-67.883503065426,-80.96694653445,-201.552327048179,104.123347082548,-36.5121895395137,1779.67209201077,1103.52828020863,-443.886395695958,-728.87016713992,1.4210854715202e-14,4,2.69705448927623
60.5,-52.033249681395,-93.714547839563,-133.190396689657,-67.9349185162509,-78.4982700575798,-200.014029038876,103.500891727926,-37.5268376883017,1775.13919347785,1111.52488836491,-452.460865592027,-732.231303950887,2.8421709430404e-14,4,2.68530906547981
61,-52.1405644995557,-93.9912705961916,-133.047084625913,-67.9877464581688,-76.0362305522445,-198.465021078438,102.866479124517,-38.5461880428855,1770.11765169913,1118.95306236543,-461.10493117123,-735.641383820716,1.4210854715202e-14,4,2.67356652414966
61.5,-52.2444648147725,-94.2658349675571,-132.904662050555,-68.0419934693035,-73.5814950572661,-196.906082432067,102.220012207374,-39.5703087441461,1764.62419574514,1125.82753339688,-469.819173982686,-739.100640847809,1.4210854715202e-14,4,2.66182948576085
62,-52.3449612213228,-94.5382276903492,-132.763145773558,-68.0976662226395,-71.1347074711673,-195.33797189113,101.561393106526,-40.5992682468831,1758.67541512289,1132.16304831945,-478.604171604693,-742.609292856087,2.8421709430404e-14,4,2.65010049187111
62.5,-52.4420651918367,-94.8084365409123,-132.622552741382,-68.1547714864421,-68.6964887600602,-193.761427768853,100.890523152956,-41.6331352967037,1752.28773978586,1137.97434477289,-487.460496963706,-746.167540659945,2.1316282072803e-14,4,2.63838200600506
63,-52.535789045606,-95.0764503068195,-132.482900038081,-68.2133161246448,-66.2674371922927,-192.177167929575,100.20730288556,-42.671978905871,1745.47742158926,1143.27612771847,-496.388717622751,-749.775567299152,1.4210854715202e-14,4,2.62667641460243
63.5,-52.6261459172375,-95.3422587585111,-132.344204886392,-68.2733070972019,-63.8481285978676,-190.585889849613,99.5116320591031,-43.7158683280675,1738.26051715449,1148.08304739374,-505.389395038161,-753.433537242676,2.8421709430404e-14,4,2.6149860280248
64,-52.7131497256815,-95.6058526210364,-132.206484648821,-68.3347514604059,-61.4391166507046,-188.988270707766,98.8034096532382,-44.764873032031,1730.65287210373,1152.40967865297,-514.463083783501,-757.141595560403,1.4210854715202e-14,4,2.60331308161579
64.5,-52.7968151436682,-95.8672235459426,-132.069756828716,-68.3976563671671,-59.0409331718719,-187.38496750358,98.0825338826234,-45.8190626740171,1722.67010662353,1156.27050166348,-523.610330739534,-760.899867061685,2.8421709430404e-14,4,2.59165973680971
65,-52.8771575675781,-96.1263640833447,-131.934039071314,-68.4620290672544,-56.6540884519701,-185.776617201493,97.3489022081898,-46.8785070690416,1714.3276023141,1159.67988392465,-532.831674249001,-764.708455399627,2.8421709430404e-14,4,2.58002808228374
65.5,-52.9541930877725,-96.3832676542133,-131.799349164786,-68.5278769074948,-54.2790715909131,-184.163836899058,96.6024113496072,-47.9432761608543,1705.6404902795,1162.65206357434,-542.127643235018,-768.567442140007,2.1316282072803e-14,4,2.56842013514941
66,-53.0279384594074,-96.6379285229115,-131.665705041254,-68.5952073319308,-51.9163508534167,-182.547224017478,95.8429572990012,-49.0134399905949,1696.62364041281,1165.20113394523,-551.498756281792,-772.476885793695,2.1316282072803e-14,4,2.55683784217856
66.5,-53.0984110737505,-96.890341770011,-131.533124777793,-68.6640278819329,-49.5663740385649,-180.927356512749,95.0704353359738,-50.0890686640779,1687.29165182907,1167.3410293317,-560.945520676381,-776.436820811419,2.8421709430404e-14,4,2.54528308105994
67,-53.1656289300212,-97.1405032654148,-131.401626597407,-68.7343461962663,-47.2295688618949,-179.304793105748,94.2847400439819,-51.170232317656,1677.65884439856,1169.0855119267,-570.468431410141,-780.447256539692,2.8421709430404e-14,4,2.53375766168232
67.5,-53.229610607768,-97.3884096418117,-131.271228869986,-68.8061700111082,-44.9063433485056,-177.680073529681,93.485765328133,-52.2570010826044,1667.73925133214,1170.44815988681,-580.067970138522,-784.508176136716,2.8421709430404e-14,4,2.52226332744035
68,-53.2903752397994,-97.6340582684855,-131.141950113235,-68.8795071600157,-42.5970862357597,-176.053718793348,92.6734044344541,-53.349445047972,1657.54661277048,1171.44235648256,-589.744604097773,-788.619535447028,2.1316282072803e-14,4,2.51080175655947
68.5,-53.3479424856805,-97.8774472255002,-131.013808993571,-68.9543655738399,-40.3021673842236,-174.426231458742,91.847549970696,-54.4476342218396,1647.09437032909,1172.08128029113,-599.498784977159,-792.781261833656,1.4210854715202e-14,4,2.49937456343671
69,-53.4023325058038,-98.1185752782795,-130.886824327,-69.0307532805859,-38.0219381955438,-172.798095931581,91.0080939287368,-55.5516384909256,1636.39566255114,1172.37789638742,-609.330947745191,-796.993252966519,2.1316282072803e-14,4,2.48798329999383
69.5,-53.4535659360459,-98.3574418525989,-130.761015079954,-69.1086784052153,-35.7567320360391,-171.169778763398,90.1549277086467,-56.6615275784787,1625.46332122061,1172.34494848996,-619.241509428381,-801.255375565808,2.8421709430404e-14,4,2.47662945704008
70,-53.5016638630154,-98.5940470100032,-130.63640037009,-69.1881491693886,-33.5068646648416,-169.541728963905,89.2879421444849,-57.7773710003926,1614.30986848901,1171.9949520178,-629.230867840983,-805.56746409902,2.1316282072803e-14,4,2.46531446564143
70.5,-53.5466477998973,-98.8283914236657,-130.512999467067,-69.2691738911457,-31.27263466549,-167.914378322394,88.4070275318937,-58.8992380194782,1602.94751476941,1171.3401880149,-639.299400264152,-809.929319430374,2.8421709430404e-14,4,2.45403969849381
71,-53.5885396628998,-99.0604763546987,-130.390831793264,-69.3517609845218,-29.0543238799421,-166.288141736999,87.5120736575645,-60.0271975978262,1591.38815735276,1170.39269789902,-649.447462072925,-814.34070742124,2.8421709430404e-14,4,2.44280647129773
71.5,-53.6273617483039,-99.2903036289258,-130.269916924471,-69.4359189590954,-26.8521978440325,-164.663417550697,86.6029698306473,-61.1613183471914,1579.64337970207,1169.16427899243,-659.675385309386,-818.801357480279,1.4210854715202e-14,4,2.43161604413188
72,-53.6631367101192,-99.5178756141254,-130.150274590528,-69.5216564194658,-24.666506223465,-163.040587893006,85.6796049161807,-62.3016684773266,1567.72445138153,1167.66648079257,-669.983477200369,-823.310961061907,2.8421709430404e-14,4,2.42046962282364
72.5,-53.6958875383444,-99.7431951977528,-130.031924675916,-69.6089820646582,-22.4974832494867,-161.420019026369,84.7418673706193,-63.4483157421961,1555.64232857839,1165.91060194165,-680.372018617998,-827.869170111744,3.5527136788005e-14,4,2.40936836031436
73,-53.7256375378324,-99.9662657651441,-129.914887220301,-69.6979046874515,-20.3453481534504,-159.802061696286,83.7896452795415,-64.6013273839898,1543.40765517713,1163.90768785488,-690.841262481366,-832.475595457681,2.1316282072803e-14,4,2.3983133580175
73.5,-53.7524103077583,-100.187091178211,-129.79918241902,-69.7884331736277,-18.2103055995222,-158.1870514843,82.822826397617,-65.7607700748677,1531.03076434633,1161.66852896808,-701.391432097594,-837.129805145164,2.8421709430404e-14,4,2.38730566716795
74,-53.7762297216858,-100.405675754625,-129.68483062351,-69.8805765011381,-16.0925461148534,-156.575309163019,81.841298190923,-66.9267098563492,1518.5216806003,1159.20365956652,-712.022719440531,-841.831322715349,2.8421709430404e-14,4,2.37634629016087
74.5,-53.7971199082297,-100.622024247497,-129.571852341682,-69.9743437391841,-13.9922465165795,-154.967141052375,80.8449478816955,-68.0992120762729,1505.89012229873,1156.52335715784,-722.735283365289,-846.579625424742,2.8421709430404e-14,4,2.36543618187846
75,-53.8151052323086,-100.836141825554,-129.460268238224,-70.0697440472085,-11.909570335064,-153.362839376397,79.8336624956045,-69.2783413232412,1493.1455045492,1153.63764235312,-733.529247756831,-851.374142404943,2.8421709430404e-14,4,2.35457625100355
75.5,-53.830210276982,-101.048034053805,-129.35009913484,-70.1667866737941,-9.84466823285069,-151.762682619821,78.8073289116496,-70.4641613584666,1480.29694247861,1150.55627922133,-744.404699610776,-856.214252761137,7.105427357601e-15,4,2.3437673613184
76,-53.8424598258672,-101.257706874708,-129.241366010419,-70.2654809554652,-7.79767841883507,-150.166935883893,77.7658339147671,-71.6567350449346,1467.35325484119,1147.28877608366,-755.361687044603,-861.099283607987,2.8421709430404e-14,4,2.33301033298793
76.5,-53.8518788461271,-101.465166589832,-129.134090001126,-70.3658363153899,-5.76872705720926,-148.57585124079,76.7090642512505,-72.8561242737929,1454.32296793216,1143.84438671542,-766.400217237408,-866.028508041566,2.8421709430404e-14,4,2.32230594382614
77,-53.8584924720215,-101.670419841997,-129.028292400417,-70.4678622619771,-3.75792867077527,-146.989668086097,75.6369066870821,-74.0623898878802,1441.21431977746,1140.23211192452,-777.520254296358,-871.001143046043,2.1316282072803e-14,4,2.31165493054481
77.5,-53.8623259890161,-101.873473597921,-128.923994658967,-70.5715683873658,-1.76538653826471,-145.408613488853,74.5492480692801,-75.2755916023003,1428.03526457153,1136.46070147678,-788.721717048001,-876.016347333793,2.8421709430404e-14,4,2.30105798998377
78,-53.8634048184373,-102.074335131334,-128.821218384515,-70.6769643658022,0.208806914662,-143.832902538699,73.4459753903668,-76.4957879219504,1414.79347733632,1132.53865633956,-800.004476752587,-881.073219117703,2.8421709430404e-14,4,2.29051578032186
78.5,-53.8617545026665,-102.273012006583,-128.719985341616,-70.7840599518992,2.16456973102693,-142.262738689701,72.3269758560656,-77.7230360559071,1401.49635877631,1128.47423121661,-811.36835473954,-886.170793814406,2.8421709430404e-14,4,2.28002892226805
79,-53.8574006908633,-102.469512062706,-128.620317451294,-70.8928649787759,4.10183004500984,-140.698314100472,71.1921369563377,-78.9573918285735,1388.15104030557,1124.27543734802,-822.813119962259,-891.308041677298,2.1316282072803e-14,4,2.26959800023209
79.5,-53.8503691252079,-102.66384339798,-128.522236790595,-71.0033893560705,6.02052571151311,-139.139809970226,70.041346539873,-80.1989095874898,1374.76438922415,1119.95004555081,-834.338486470444,-896.483865358159,2.1316282072803e-14,4,2.2592235634742
80,-53.8406856276531,-102.856014354926,-128.425765592039,-71.1156430678231,7.920603943006,-137.587396870464,68.8744928921484,-81.4476421077073,1361.34301402257,1115.50558947635,-845.944110798135,-901.697097396328,2.8421709430404e-14,4,2.24890612723345
80.5,-53.828376087176,-103.046033505784,-128.330926242953,-71.2296361702233,9.80202095381511,-136.04123507199,67.6914648171747,-82.7036404926238,1347.8932697943,1110.94936906276,-857.629589265719,-906.946497634386,3.5527136788005e-14,4,2.23864617383439
81,-53.8134664475174,-103.23390963842,-128.237741284696,-71.3453787892176,11.6647416119943,-134.501474867023,66.4921517230509,-83.9669540711777,1334.42126373723,1106.28845416072,-869.39445519417,-912.230750559417,2.8421709430404e-14,4,2.22844415377173
81.5,-53.7959826954007,-103.419651742699,-128.146233411752,-71.462881117971,13.5087390988892,-132.968256886142,65.2764437114494,-85.2376302912985,1320.9328607268,1101.52968831313,-881.238176029847,-917.548462568953,1.4210854715202e-14,4,2.21830048677276
82,-53.775950849217,-103.603268997274,-128.056425470709,-71.5821534141787,15.3339945764801,-131.441712409911,64.0442316711583,-86.5157146095058,1307.43368894388,1096.67969266963,-893.16015037822,-922.898159160862,2.8421709430404e-14,4,2.2082155628375
82.5,-53.7533969481679,-103.784770756816,-127.968340459095,-71.703205997221,17.1404968625723,-129.921963674961,62.7954073758064,-87.8012503765532,1293.92914554228,1091.74487001817,-905.159704944948,-928.278282046443,2.8421709430404e-14,4,2.19818974325623
83,-53.7283470418529,-103.964166539665,-127.882001524078,-71.826049245157,18.9282421138761,-128.40912417442,61.5298635859034,-89.0942787190084,1280.42440234141,1086.73140891709,-917.236091382836,-933.687186186211,2.1316282072803e-14,4,2.18822336160459
83.5,-53.7008271802925,-104.141466015889,-127.797431961023,-71.9506935915505,20.6972335170027,-126.903298952528,60.2474941553246,-90.3948384166624,1266.92441153075,1081.64528791201,-929.388483043226,-939.123136747879,1.4210854715202e-14,4,2.17831672471601
84,-53.6708634043739,-104.316678995749,-127.714655211899,-72.0771495221237,22.447480987385,-125.404584893355,58.9481941423746,-91.7029657756599,1253.43391137388,1076.49227982271,-941.615971630522,-944.584305986244,4.2632564145606e-14,4,2.16847011363165
84.5,-53.6384817367103,-104.489815418566,-127.633694863522,-72.2054275712301,24.1790008761133,-123.91307100352,57.6318599255663,-93.0186944972413,1239.95743190051,1071.27795608655,-953.917563758627,-950.068770044798,2.8421709430404e-14,4,2.15868378452783
85,-53.6037081729013,-104.660885341971,-127.554574645642,-72.3355383181434,25.891815684661,-122.428838688848,56.2983893242502,-94.3420555419882,1226.49930057616,1066.00769114529,-966.292177408169,-955.574505679039,7.105427357601e-15,4,2.14895796962105
85.5,-53.5665686731846,-104.829898931538,-127.477318428851,-72.4674923831539,27.5859537874662,-120.951962024908,54.9476817242352,-95.6730769894642,1213.06364793971,1060.68666686364,-978.738638283576,-961.099386901665,2.8421709430404e-14,4,2.13929287805077
86,-53.5270891544667,-104.996866450785,-127.401950222323,-72.601300423467,29.2614491623127,-119.482508021399,53.5796382085372,-97.0117838931417,1199.65441319998,1055.31987696828,-991.255676069144,-966.641181549988,1.4210854715202e-14,4,2.12968869674007
86.5,-53.4852954827236,-105.161798251542,-127.328494171357,-72.7369731288963,30.9183411284534,-118.020536880367,52.1941616934001,-98.3581981305073,1186.2753497833,1049.91213149713,-1003.84192058343,-972.197547776115,1.4210854715202e-14,4,2.12014559123435
87,-53.4412134657596,-105.324704764674,-127.256974554739,-72.8745212173465,32.556674092399,-116.566102248236,50.7911570697273,-99.7123382482401,1172.93003082476,1044.46806124929,-1016.49589783152,-977.766030460698,1.4210854715202e-14,4,2.11066370651838
87.5,-53.3948688463134,-105.485596491143,-127.187415781891,-73.0139554300758,34.1764973012907,-115.119251461663,49.3705313500679,-101.074219302356,1159.62185459634,1038.99212222691,-1029.21602595475,-983.344057551241,1.4210854715202e-14,4,2.10124316781181
88,-53.3462872955024,-105.644483993413,-127.119842389827,-73.1552865267346,35.7778646037647,-113.68002578724,47.9321938212996,-102.443852693213,1146.35404986613,1033.48860006081,-1042.00061107798,-988.928936326255,1.4210854715202e-14,4,2.09188408134351
88.5,-53.2954944065929,-105.801377887186,-127.054279039877,-73.2985252801702,37.3608342182092,-112.248460655057,46.4760562031504,-103.821245995282,1133.12968118303,1027.96161441253,-1054.84784305435,-994.517849586821,4.2632564145606e-14,4,2.08258653510487
89,-53.2425156890885,-105.956288833447,-126.9907505142,-73.4436824709917,38.9254685083063,-110.824585886176,45.0020328127012,-105.206402781574,1119.95165408236,1022.41512334584,-1067.75579110805,-1000.10785177739,1.4210854715202e-14,4,2.07335059958254
89.5,-53.1873765631238,-106.109227530837,-126.929281712057,-73.5907688818877,40.4718337657471,-109.408425914059,43.51004073501,-106.599322442633,1106.82272020798,1016.85292766164,-1080.7223993757,-1005.69586503802,2.8421709430404e-14,4,2.06417632847068
90,-53.130102354156,-106.260204708312,-126.869897645844,-73.739795291688,42,-108,42,-108,1093.74548234729,1011.27867519055,-1093.74548234729,-1011.27867519055,1.4210854715202e-14,4,2.05506375936328
90.5,-53.0707182879431,-106.409231118112,-126.812623436876,-73.8907724691633,43.51004073501,-106.599322442633,40.4718337657471,-109.408425914059,1080.7223993757,1005.69586503802,-1106.82272020798,-1016.85292766164,1.4210854715202e-14,4,2.06417632847068
91,-53.0092494858002,-106.556317529008,-126.757484310912,-74.0437111665528,45.0020328127012,-105.206402781574,38.9254685083064,-110.824585886176,1067.75579110805,1000.10785177739,-1119.95165408236,-1022.41512334584,2.8421709430404e-14,4,2.07335059958253
91.5,-52.9457209601233,-106.70147471983,-126.704505593407,-74.1986221128143,46.4760562031504,-103.821245995282,37.3608342182092,-112.248460655057,1054.84784305435,994.517849586821,-1133.12968118303,-1027.96161441253,1.4210854715202e-14,4,2.08258653510487
92,-52.8801576101732,-106.844713473265,-126.653712704498,-74.3555160065867,47.9321938212996,-102.443852693213,35.7778646037647,-113.68002578724,1042.00061107798,988.928936326256,-1146.35404986613,-1033.48860006081,1.4210854715202e-14,4,2.09188408134351
92.5,-52.8125842181086,-106.986044569924,-126.605131153687,-74.5144035088572,49.3705313500678,-101.074219302356,34.1764973012907,-115.119251461663,1029.21602595475,983.344057551241,-1159.62185459634,-1038.99212222691,1.4210854715202e-14,4,2.10124316781181
93,-52.743025445261,-107.125478782654,-126.55878653424,-74.6752952353258,50.7911570697273,-99.7123382482401,32.556674092399,-116.566102248236,1016.49589783152,977.766030460698,-1172.93003082476,-1044.46806124929,2.8421709430404e-14,4,2.11066370651838
93.5,-52.6715058286425,-107.263026871104,-126.514704517276,-74.8382017484578,52.1941616934001,-98.3581981305074,30.9183411284534,-118.020536880367,1003.84192058343,972.197547776115,-1186.2753497833,-1049.91213149713,2.8421709430404e-14,4,2.12014559123435
94,-52.5980497776772,-107.398699576533,-126.472910845533,-75.0031335492154,53.5796382085373,-97.0117838931417,29.2614491623127,-119.482508021399,991.255676069143,966.641181549987,-1199.65441319998,-1055.31987696828,2.8421709430404e-14,4,2.12968869674007
94.5,-52.522681571149,-107.532507616846,-126.433431326815,-75.1701010684621,54.9476817242352,-95.6730769894642,27.5859537874662,-120.951962024908,978.738638283576,961.099386901665,-1213.06364793971,-1060.68666686364,2.1316282072803e-14,4,2.13929287805077
95,-52.4454253543583,-107.664461681857,-126.396291827099,-75.3391146580287,56.2983893242502,-94.3420555419882,25.891815684661,-122.428838688848,966.292177408169,955.574505679039,-1226.49930057616,-1066.00769114529,7.105427357601e-15,4,2.14895796962105
95.5,-52.3663051364776,-107.79457242877,-126.36151826329,-75.510184581434,57.6318599255662,-93.0186944972413,24.1790008761132,-123.91307100352,953.917563758628,950.068770044798,-1239.95743190051,-1071.27795608655,2.8421709430404e-14,4,2.15868378452783
96,-52.2853447881006,-107.922850477876,-126.329136595626,-75.6833210042512,58.9481941423746,-91.7029657756599,22.447480987385,-125.404584893355,941.615971630523,944.584305986245,-1253.43391137388,-1076.49227982271,1.4210854715202e-14,4,2.16847011363165
96.5,-52.2025680389765,-108.049306408449,-126.299172819708,-75.8585339841112,60.2474941553246,-90.3948384166624,20.6972335170027,-126.903298952528,929.388483043226,939.123136747879,-1266.92441153075,-1081.64528791201,1.4210854715202e-14,4,2.17831672471601
97,-52.1179984759221,-108.173950754843,-126.271652958147,-76.0358334603347,61.5298635859034,-89.0942787190084,18.9282421138762,-128.40912417442,917.236091382837,933.687186186211,-1280.42440234141,-1086.73140891709,2.8421709430404e-14,4,2.18822336160459
97.5,-52.0316595409049,-108.296794002779,-126.246603051832,-76.215229243184,62.7954073758064,-87.8012503765533,17.1404968625724,-129.921963674961,905.159704944949,928.278282046443,-1293.92914554228,-1091.74487001817,1.4210854715202e-14,4,2.19818974325623
98,-51.9435745292907,-108.417846585821,-126.224049150783,-76.3967310027263,64.0442316711583,-86.5157146095058,15.3339945764801,-131.441712409911,893.16015037822,922.898159160862,-1307.43368894388,-1096.67969266963,2.8421709430404e-14,4,2.2082155628375
98.5,-51.853766588248,-108.537118882029,-126.204017304599,-76.5803482573007,65.2764437114495,-85.2376302912985,13.5087390988892,-132.968256886142,881.238176029847,917.548462568953,-1320.9328607268,-1101.52968831313,1.4210854715202e-14,4,2.21830048677276
99,-51.7622587153043,-108.654621210782,-126.186533552483,-76.7660903615795,66.4921517230509,-83.9669540711778,11.6647416119943,-134.501474867023,869.39445519417,912.230750559416,-1334.42126373723,-1106.28845416072,2.8421709430404e-14,4,2.22844415377173
99.5,-51.6690737570468,-108.770363829777,-126.171623912824,-76.9539664942164,67.6914648171747,-82.7036404926238,9.80202095381506,-136.041235071991,857.629589265718,906.946497634386,-1347.8932697943,-1110.94936906276,2.8421709430404e-14,4,2.23864617383439
100,-51.5742344079614,-108.884356932177,-126.159314372347,-77.1439856450737,68.8744928921484,-81.4476421077074,7.92060394300607,-137.587396870463,845.944110798135,901.697097396327,-1361.34301402257,-1115.50558947636,2.8421709430404e-14,4,2.24890612723345
100.5,-51.4777632094053,-108.996610643929,-126.149630874792,-77.3361566020205,70.041346539873,-80.1989095874898,6.02052571151307,-139.139809970226,834.338486470444,896.483865358159,-1374.76438922415,-1119.95004555081,1.4210854715202e-14,4,2.2592235634742
101,-51.3796825487064,-109.107135021224,-126.142599309137,-77.5304879372937,71.1921369563378,-78.9573918285735,4.10183004500994,-140.698314100472,822.813119962259,891.308041677298,-1388.15104030557,-1124.27543734802,1.4210854715202e-14,4,2.26959800023209
101.5,-51.2800146583837,-109.215940048101,-126.138245497333,-77.7269879934168,72.3269758560656,-77.7230360559071,2.16456973102698,-142.262738689701,811.36835473954,886.170793814406,-1401.49635877631,-1128.47423121661,1.4210854715202e-14,4,2.28002892226805
102,-51.1787816154846,-109.323035634198,-126.136595181563,-77.9256648686656,73.4459753903668,-76.4957879219505,0.208806914662017,-143.832902538699,800.004476752587,881.073219117703,-1414.79347733632,-1132.53865633956,2.8421709430404e-14,4,2.29051578032186
102.5,-51.0760053410331,-109.428431612634,-126.137674010984,-78.1265264020787,74.5492480692801,-75.2755916023003,-1.7653865382647,-145.408613488853,788.721717048001,876.016347333793,-1428.03526457153,-1136.46070147678,2.8421709430404e-14,4,2.30105798998378
103,-50.971707599583,-109.532137738023,-126.141507527978,-78.3295801580027,75.6369066870821,-74.0623898878801,-3.75792867077525,-146.989668086097,777.520254296357,871.001143046042,-1441.21431977746,-1140.23211192452,7.105427357601e-15,4,2.31165493054481
103.5,-50.8659099988738,-109.63416368461,-126.148121153873,-78.5348334101682,76.7090642512505,-72.8561242737929,-5.76872705720923,-148.57585124079,766.400217237408,866.028508041566,-1454.32296793216,-1143.84438671542,2.8421709430404e-14,4,2.32230594382614
104,-50.7586339895811,-109.734519044535,-126.157540174133,-78.7422931252916,77.7658339147671,-71.6567350449346,-7.79767841883507,-150.166935883893,755.361687044604,861.099283607987,-1467.35325484119,-1147.28877608366,2.8421709430404e-14,4,2.33301033298793
104.5,-50.6499008651602,-109.833213326206,-126.169789723018,-78.9519659461954,78.8073289116496,-70.4641613584666,-9.84466823285062,-151.76268261982,744.404699610776,856.214252761137,-1480.29694247861,-1150.55627922133,2.1316282072803e-14,4,2.34376736131839
105,-50.5397317617764,-109.930255952791,-126.184894767691,-79.1638581744461,79.8336624956046,-69.2783413232411,-11.909570335064,-153.362839376397,733.529247756831,851.374142404943,-1493.1455045492,-1153.63764235312,1.4210854715202e-14,4,2.35457625100355
105.5,-50.4281476583181,-110.025656260816,-126.20288009177,-79.3779757525028,80.8449478816955,-68.0992120762729,-13.9922465165796,-154.967141052375,722.735283365289,846.579625424742,-1505.89012229873,-1156.52335715784,2.8421709430404e-14,4,2.36543618187846
106,-50.3151693764901,-110.119423498862,-126.223770278314,-79.5943242453752,81.841298190923,-66.9267098563492,-16.0925461148533,-156.575309163019,712.022719440531,841.831322715349,-1518.52168060029,-1159.20365956652,1.4210854715202e-14,4,2.37634629016086
106.5,-50.2008175809804,-110.211566826372,-126.247589692242,-79.8129088217892,82.822826397617,-65.7607700748677,-18.2103055995222,-158.1870514843,701.391432097594,837.129805145164,-1531.03076434633,-1161.66852896808,1.4210854715202e-14,4,2.38730566716795
107,-50.0851127796989,-110.302095312548,-126.274362462168,-80.0337342348559,83.7896452795415,-64.6013273839899,-20.3453481534504,-159.802061696286,690.841262481366,832.475595457681,-1543.40765517713,-1163.90768785488,1.4210854715202e-14,4,2.3983133580175
107.5,-49.9680753240841,-110.391017935342,-126.304112461656,-80.2568048022472,84.7418673706194,-63.448315742196,-22.4974832494867,-161.420019026369,680.372018617998,827.869170111744,-1555.64232857839,-1165.91060194165,1.4210854715202e-14,4,2.40936836031436
108,-49.8497254094724,-110.478343580534,-126.336863289881,-80.4821243858746,85.6796049161807,-62.3016684773267,-24.666506223465,-163.040587893006,669.983477200368,823.310961061906,-1567.72445138153,-1167.66648079256,1.4210854715202e-14,4,2.42046962282364
108.5,-49.7300830755293,-110.564081040905,-126.372638251696,-80.7096963710743,86.6029698306473,-61.1613183471914,-26.8521978440325,-164.663417550697,659.675385309386,818.801357480279,-1579.64337970207,-1169.16427899243,2.8421709430404e-14,4,2.43161604413188
109,-49.6091682067363,-110.648239015478,-126.4114603371,-80.9395236453013,87.5120736575645,-60.0271975978262,-29.0543238799421,-166.288141736999,649.447462072925,814.34070742124,-1591.38815735276,-1170.39269789902,1.4210854715202e-14,4,2.44280647129773
109.5,-49.4870005329332,-110.730826108854,-126.453352200103,-81.1716085763342,88.4070275318937,-58.8992380194781,-31.27263466549,-167.914378322394,639.299400264152,809.929319430374,-1602.94751476941,-1171.3401880149,7.105427357601e-15,4,2.45403969849381
110,-49.3635996299097,-110.811850830611,-126.498336136985,-81.4059529899968,89.2879421444849,-57.7773710003926,-33.5068646648416,-169.541728963905,629.230867840982,805.56746409902,-1614.30986848901,-1171.9949520178,1.4210854715202e-14,4,2.46531446564143
110.5,-49.2389849200464,-110.891321594785,-126.546434063954,-81.6425581474011,90.1549277086467,-56.6615275784787,-35.756732036039,-171.169778763397,619.241509428381,801.255375565808,-1625.46332122061,-1172.34494848996,2.8421709430404e-14,4,2.47662945704008
111,-49.1131756729996,-110.969246719414,-126.597667494196,-81.8814247217205,91.0080939287367,-55.5516384909256,-38.0219381955437,-172.798095931581,609.330947745191,796.993252966519,-1636.39566255114,-1172.37789638742,2.1316282072803e-14,4,2.48798329999383
111.5,-48.9861910064292,-111.04563442616,-126.65205751432,-82.1225527744998,91.847549970696,-54.4476342218396,-40.3021673842235,-174.426231458742,599.498784977159,792.781261833655,-1647.09437032909,-1172.08128029113,1.4210854715202e-14,4,2.49937456343671
112,-48.8580498867655,-111.120492839984,-126.709624760201,-82.3659417315145,92.6734044344541,-53.3494450479721,-42.5970862357597,-176.053718793348,589.744604097773,788.619535447028,-1657.54661277048,-1171.44235648256,2.8421709430404e-14,4,2.51080175655947
112.5,-48.7287711300138,-111.193829988892,-126.770389392232,-82.6115903581883,93.485765328133,-52.2570010826044,-44.9063433485055,-177.680073529681,580.067970138522,784.508176136716,-1667.73925133214,-1170.4481598868,2.8421709430404e-14,4,2.52226332744035
113,-48.5983734025931,-111.265653803734,-126.834371069979,-82.8594967345852,94.2847400439819,-51.1702323176559,-47.229568861895,-179.304793105748,570.468431410141,780.447256539691,-1677.65884439856,-1169.0855119267,2.8421709430404e-14,4,2.53375766168232
113.5,-48.4668752222073,-111.335972118067,-126.901588926249,-83.1096582299891,95.0704353359737,-50.0890686640779,-49.5663740385648,-180.927356512749,560.945520676381,776.436820811419,-1687.29165182907,-1167.3410293317,2.8421709430404e-14,4,2.54528308105994
114,-48.3342949587461,-111.404792668069,-126.972061540593,-83.3620714770886,95.8429572990013,-49.0134399905949,-51.9163508534168,-182.547224017478,551.498756281792,772.476885793695,-1696.62364041281,-1165.20113394523,2.1316282072803e-14,4,2.55683784217856
114.5,-48.2006508352144,-111.472123092505,-127.045806912228,-83.6167323457867,96.6024113496072,-47.9432761608544,-54.2790715909131,-184.163836899058,542.127643235017,768.567442140007,-1705.64049027951,-1162.65206357435,1.4210854715202e-14,4,2.56842013514941
115,-48.0659609286862,-111.537970932746,-127.122842432422,-83.8736359166553,97.3489022081898,-46.8785070690416,-56.65408845197,-185.776617201493,532.831674249001,764.708455399627,-1714.3276023141,-1159.67988392465,2.8421709430404e-14,4,2.58002808228374
115.5,-47.9302431712841,-111.602343632833,-127.203184856332,-84.1327764540574,98.0825338826234,-45.8190626740171,-59.0409331718718,-187.38496750358,523.610330739534,760.899867061685,-1722.67010662353,-1156.27050166348,2.8421709430404e-14,4,2.5916597368097
116,-47.7935153511785,-111.665248539594,-127.286850274318,-84.3941473789636,98.8034096532381,-44.764873032031,-61.4391166507046,-188.988270707766,514.463083783502,757.141595560403,-1730.65287210373,-1152.40967865297,2.8421709430404e-14,4,2.60331308161579
116.5,-47.6557951136083,-111.726692902798,-127.373854082763,-84.6577412414889,99.5116320591031,-43.7158683280675,-63.8481285978676,-190.585889849613,505.389395038161,753.433537242676,-1738.26051715449,-1148.08304739374,4.2632564145606e-14,4,2.61498602802479
117,-47.517099961919,-111.786683875355,-127.464210954394,-84.9235496931805,100.20730288556,-42.671978905871,-66.2674371922928,-192.177167929575,496.388717622751,749.775567299152,-1745.47742158926,-1143.27612771847,2.8421709430404e-14,4,2.62667641460242
117.5,-47.3774472586175,-111.845228513558,-127.557934808163,-85.1915634590878,100.890523152956,-41.6331352967037,-68.6964887600602,-193.761427768853,487.460496963706,746.167540659945,-1752.28773978586,-1137.97434477289,4.2632564145606e-14,4,2.63838200600506
118,-47.2368542264421,-111.902333777361,-127.655038778677,-85.4617723096508,101.561393106526,-40.5992682468831,-71.1347074711673,-195.33797189113,478.604171604693,742.609292856087,-1758.67541512289,-1132.16304831945,1.4210854715202e-14,4,2.65010049187111
118.5,-47.0953379494449,-111.958006530697,-127.755535185228,-85.7341650324429,102.220012207374,-39.5703087441461,-73.5814950572661,-196.906082432067,469.819173982687,739.100640847809,-1764.62419574514,-1125.82753339688,2.1316282072803e-14,4,2.66182948576085
119,-46.9529153740869,-112.012253541831,-127.859435500444,-86.0087294038085,102.866479124517,-38.5461880428855,-76.0362305522445,-198.465021078438,461.10493117123,735.641383820716,-1770.11765169913,-1118.95306236543,2.8421709430404e-14,4,2.67356652414966
119.5,-46.8096033103429,-112.065081483749,-127.966750318605,-86.2854521604371,103.500891727926,-37.5268376883018,-78.4982700575797,-200.014029038876,452.460865592027,732.231303950887,-1775.13919347785,-1111.52488836491,2.1316282072803e-14,4,2.68530906547981
120,-46.6654184328157,-112.116496934574,-128.077489323636,-86.5643189709211,104.123347082548,-36.5121895395137,-80.9669465344499,-201.552327048179,443.886395695959,728.87016713992,-1779.67209201077,-1103.52828020864,2.8421709430404e-14,4,2.69705448927623
120.5,-46.5203772818575,-112.16650637802,-128.191661256847,-86.8453144073433,104.733941443241,-35.5021757916685,-83.4415696246308,-203.079115407213,435.380936614589,725.557723720924,-1783.69950013244,-1094.94854873238,7.105427357601e-15,4,2.70880009533168
121,-46.3744962646984,-112.215116203875,-128.309273884433,-87.1284219169453,105.332770250607,-34.4967289970903,-85.9214255022552,-204.593574060425,426.943900783205,722.293709136413,-1787.20447555899,-1085.77107461287,7.105427357601e-15,4,2.72054310296722
121.5,-46.2277916565794,-112.262332708508,-128.430333964801,-87.4136237939319,105.919928127655,-33.4957820855068,-88.4057767585463,-206.094862713012,418.574698536378,719.077844589055,-1790.17000539824,-1075.98133766545,2.1316282072803e-14,4,2.73228065037365
122,-46.0802796018901,-112.308162095407,-128.554847215752,-87.7009011514662,106.495508877291,-32.49926838339,-90.89386232167,-207.582120989823,410.272738677039,715.909837666196,-1792.57903221437,-1065.56494762475,1.4210854715202e-14,4,2.7440097940402
122.5,-45.9319761153087,-112.352610475747,-128.682818281583,-87.9902338939157,107.059605480563,-31.5071216324477,-93.3848974138775,-209.054468638033,402.037429019994,712.789382939068,-1794.41448166322,-1054.50767640658,2.8421709430404e-14,4,2.75572750827648
123,-45.7828970829444,-112.395683868974,-128.814250700157,-88.2816006894117,107.612310095655,-30.5192760072992,-95.8780735481263,-210.511005775654,393.868176910806,709.716162537543,-1795.65929170886,-1042.79549184237,2.8421709430404e-14,4,2.76743068483419
123.5,-45.6330582634808,-112.437388203422,-128.94914686999,-88.5749789427868,108.153714057585,-29.5356661323694,-98.372558566384,-211.950813187907,385.764389720914,706.689846701301,-1796.29644342603,-1030.41459287084,2.8421709430404e-14,4,2.77911613263499
124,-45.4824752893185,-112.477729316946,-129.087508017433,-88.8703447689582,108.683907878564,-28.556227098034,-100.86749672181,-213.372952673479,377.72547531985,703.71009430824,-1796.3089933865,-1017.35144616373,2.1316282072803e-14,4,2.79078057761108
124.5,-45.3311636677178,-112.516712957581,-129.229334163989,-89.1676729668281,109.202981249011,-27.580894476045,-103.362008807016,-214.776467442621,369.750842525394,700.776553380935,-1795.68010762065,-1003.5928241548,2.8421709430404e-14,4,2.80242066266529
125,-45.1791387819384,-112.554344784224,-129.374624093845,-89.4669369937735,109.711023039163,-26.6096043342682,-105.855192330581,-216.160382569016,361.839901532437,697.888861571944,-1794.39309713758,-989.125844432299,0,4,2.81403294775727
125.5,-45.0264158923779,-112.590630367325,-129.523375321689,-89.7681089408026,110.208121301281,-25.6422932507613,-108.346121743963,-217.523705497285,353.992064321358,695.046646628722,-1792.4314549796,-973.938010446785,1.4210854715202e-14,4,2.82561391012276
126,-44.8730101377052,-112.625575189616,-129.675584060871,-90.071159508456,110.694363272395,-24.6788983272188,-110.833848720929,-218.865426607905,346.206745046633,692.249526838893,-1789.77889477778,-958.01725347602,2.8421709430404e-14,4,2.8371599446326
126.5,-44.7189365359911,-112.659184646836,-129.831245191992,-90.3760579835321,111.169835377585,-23.719357201813,-113.317402491553,-220.184519841247,338.483360406417,689.497111456609,-1786.41939076673,-941.35197577937,0,4,2.84866736429847
127,-44.5642099858333,-112.691464048494,-129.990352232001,-90.6827722167226,111.634623233764,-22.7636080614547,-115.795790232764,-221.479943382338,330.821329993786,686.789001110697,-1782.33721920691,-923.931094863495,1.4210854715202e-14,4,2.86013240093207
127.5,-44.4088452674758,-112.722418618633,-130.152897303864,-90.9912686012413,112.088811653925,-21.8115896534997,-118.267997517382,-222.750640407813,323.220076630318,684.124788195291,-1777.51700115296,-905.744088770627,1.4210854715202e-14,4,2.87155120596453
128,-44.2528570439223,-112.75205349662,-130.318871106913,-91.3015120525348,112.532484651852,-20.8632412969244,-120.732988823436,-223.995539896433,315.679026682638,681.504057243604,-1771.94374649624,-886.781042289638,7.105427357601e-15,4,2.88291985143277
128.5,-44.096259862043,-112.780373737945,-130.488262887929,-91.613465989163,112.965725447252,-19.9185028929934,-123.189708105496,-225.213557504354,308.19761036259,678.926385285505,-1765.60289919871,-867.03269397893,4.2632564145606e-14,4,2.89423433113933
129,-43.9390681536731,-112.807384315039,-130.661060413077,-91.9270923149419,113.388616471295,-18.9773149354416,-125.637079429606,-226.403596506199,300.775262011604,676.391342189516,-1758.48038362463,-846.490483878562,2.8421709430404e-14,4,2.90549056199203
129.5,-43.7812962367046,-112.8330901181,-130.837249940758,-92.2423514024387,113.801239372541,-18.039618520192,-128.074007673259,-227.564548802806,293.411420369857,673.898490989854,-1750.56265186481,-825.146601777486,1.4210854715202e-14,4,2.91668438552979
130,-43.6229583161683,-112.857495955942,-131.016816195485,-92.5592020779138,114.203675023221,-17.1053553546289,-130.499379291733,-228.695295996307,286.105528830775,671.447388199106,-1741.83673193671,-802.99403588992,2.8421709430404e-14,4,2.92781156964049
130.5,-43.464068485308,-112.880606556843,-131.199742342864,-92.8776016078027,114.596003525876,-16.1744677664461,-132.9120631519,-229.794710533011,278.85703568143,669.037584107118,-1732.2902767321,-780.026621783175,1.4210854715202e-14,4,2.93886781047658
131,-43.3046407266442,-112.902426569419,-131.386009965789,-93.1975056868328,114.978304220308,-15.2468987120904,-135.31091143446,-230.861656914317,271.665394329333,666.668623066653,-1721.91161357171,-756.239091387562,2.1316282072803e-14,4,2.94984873457394
131.5,-43.1446889130289,-112.9229605635,-131.575599041931,-93.5188684278691,115.350655690843,-14.3225917848164,-137.694760605331,-231.894992975654,264.530063516132,664.340043766379,-1710.68979421504,-731.627121907461,2.8421709430404e-14,4,2.96074990117887
132,-42.9842268086894,-112.942213031017,-131.768487922625,-93.8416423535831,115.713135773883,-13.4014912223703,-140.062432456723,-232.893571233169,257.450507518695,662.051379491689,-1698.61464516132,-706.187384441403,7.105427357601e-15,4,2.97156680478794
132.5,-42.823268070262,-112.96018838691,-131.964653313257,-94.165778390039,116.065821565719,-12.4835419143206,-142.412735218174,-233.856240297627,250.426196338028,659.802158373897,-1685.67681806613,-679.917592108094,7.105427357601e-15,4,2.98229487790486
133,-42.6618262478137,-112.97689097003,-132.164070255235,-94.4912258622904,116.408789430616,-11.56868940905,-144.744464737583,-234.781846354683,243.456605876491,657.591903628278,-1671.86784008717,-652.816547464965,1.4210854715202e-14,4,2.992929494018
133.5,-42.499914785854,-112.992325044062,-132.366712109658,-94.8179324920773,116.742115009118,-10.6568799204236,-147.056405732002,-235.669234710397,236.541218103718,655.420133781459,-1657.18016396129,-624.884188995974,4.2632564145606e-14,4,3.0034659708017
134,-42.3375470243335,-113.006494798457,-132.572550542761,-95.145844397715,117.065873226584,-9.74806033414957,-149.347333107675,-236.517251400535,229.67952121166,653.286362888614,-1641.60721760497,-596.121636436343,7.105427357601e-15,4,3.0138995735439
134.5,-42.1747361996315,-113.019404349362,-132.781555513244,-95.4749060962611,117.380138301938,-8.84217821384383,-151.616013348511,-237.324744861869,222.871009759148,651.190100740925,-1625.14345302029,-566.531234693666,1.4210854715202e-14,4,3.02422551880197
135,-42.0114954455308,-113.031057740574,-132.993695261582,-95.8050605080457,117.6849837566,-7.93918180681383,-153.861205971871,-238.090567663371,216.115184806345,649.130853063746,-1607.78439427966,-536.116596117551,2.8421709430404e-14,4,3.03443897828789
135.5,-41.8478377941803,-113.041458944486,-133.208936301399,-96.136248963646,117.980482423605,-7.03902004957303,-156.081665050213,-238.81357829481,209.411554039453,647.108121705901,-1589.52668435401,-504.882640863854,1.4210854715202e-14,4,3.04453508298323
136,-41.6837761770446,-113.050611863053,-133.427243412991,-96.468411213384,118.266706456888,-6.14164257309838,-158.276140796852,-239.492643009944,202.759631886022,645.121404820526,-1570.36813054251,-472.835635094536,1.4210854715202e-14,4,3.05450892748357
136.5,-41.5193234258405,-113.058520328757,-133.648579639115,-96.8014854394188,118.543727340722,-5.24699970784258,-160.443381213687,-240.126637721115,196.158939621199,643.170197037861,-1550.30774825508,-439.98322675075,4.2632564145606e-14,4,3.06435557457119
137,-41.3544922734609,-113.065188105585,-133.872906283088,-97.1354082705059,118.811615899296,-4.35504248851095,-162.582133798453,-240.714449941682,189.609005465227,641.25398963038,-1529.34580289477,-406.334478634509,2.8421709430404e-14,4,3.07407006001388
137.5,-41.1892953548842,-113.070618890006,-134.100182909307,-97.4701147994836,119.070442306424,-3.46572265861499,-164.691147308674,-241.254980772386,183.109364672509,639.37227067063,-1507.483849583,-371.899898533976,2.8421709430404e-14,4,3.08364739758699
138,-41.0237452080714,-113.074816311962,-134.330367346258,-97.8055386035473,119.320276095374,-2.57899267481101,-166.769173579145,-241.747146927348,176.65955961253,637.52452518216,-1484.72477046911,-336.691466128486,2.8421709430404e-14,4,3.09308258431468
138.5,-40.8578542748484,-113.07778393586,-134.563415692078,-98.1416117673623,119.561186168796,-1.69480571103379,-168.8149693894,-242.189882795046,170.259139842908,635.710235283876,-1461.07280936475,-300.722656412586,2.8421709430404e-14,4,3.10237060592546
139,-40.6916349017752,-113.079525261572,-134.799282322749,-98.4782649090601,119.79324080876,-0.8131156624343,-170.827298377277,-242.582142529257,163.907662174863,633.928880328181,-1436.53360344532,-264.008459383268,1.4210854715202e-14,4,3.11150644251602
139.5,-40.5250993410008,-113.080043725437,-135.037919902973,-98.8154272091569,120.016507686865,0.0661228508705167,-172.804932994336,-242.922902164612,157.604690731342,632.179937033226,-1411.11421176329,-226.565395741552,2.8421709430404e-14,4,3.12048507441645
140,-40.3582597511038,-113.079342701273,-135.279279399798,-99.1530264424243,120.231053874432,0.94295448022779,-174.746656498509,-243.211161751043,151.349796998058,630.462879609586,-1384.8231403235,-188.411528368606,7.105427357601e-15,4,3.12930148824854
140.5,-40.191128197919,-113.07742550139,-135.523310099025,-99.4909890127337,120.436945852765,1.81742314505058,-176.651264979054,-243.445947501105,145.142559867679,628.777179881692,-1357.67036347702,-149.566469347734,1.4210854715202e-14,4,3.13795068316828
141,-40.0237166553501,-113.074295377609,-135.769959624454,-99.8292399908889,120.634249523459,2.68957202958549,-178.517569408528,-243.626313943831,138.98256567739,627.122307404306,-1329.66734139928,-110.051382316843,4.2632564145606e-14,4,3.14642767728197
141.5,-39.8560370061672,-113.069955522284,-136.019173959995,-100.16770315545,120.823030218768,3.55944357983835,-180.344397716189,-243.751346078496,132.869408240049,625.497729574329,-1300.82703342878,-69.8889799514801,2.8421709430404e-14,4,3.1547275142249
142,-39.6881010427905,-113.064409069333,-136.270897474661,-100.506301036547,121.003352712003,4.42707950065247,-182.130596876922,-243.820161521397,126.802688869133,623.902911738249,-1271.16390705591,-29.1035163961497,2.8421709430404e-14,4,3.1628452698898
142.5,-39.5199204680595,-113.057659095266,-136.525072950485,-100.84495496266,121.175281227964,5.29252075293296,-183.875035009517,-243.831912638516,120.782016397691,622.337317295464,-1240.6939423662,12.2792255185563,2.8421709430404e-14,4,3.17077605929183
143,-39.3515068959873,-113.049708620218,-136.78164161334,-101.183585110359,121.338879453392,6.1558075510119,-185.576603477858,-243.785788656731,114.807007191474,620.800407797784,-1209.43463175929,54.2319524137319,2.1316282072803e-14,4,3.1785150435552
143.5,-39.182871852501,-113.040560608996,-137.040543166686,-101.52211055694,121.49421054744,7.01697936014927,-187.234218988346,-243.681017746035,108.87728515644,619.291643045339,-1177.40497478437,96.7258839715311,2.8421709430404e-14,4,3.18605743700594
144,-39.0140267761669,-113.030217972112,-137.301715828213,-101.860449335948,121.641337152145,7.87607489416494,-188.846825676674,-243.516869065128,102.992481740786,617.810481179162,-1144.62546795326,139.730782107225,2.8421709430404e-14,4,3.19339851435406
144.5,-38.8449830189013,-113.018683566832,-137.565096369381,-102.198518495492,121.780321402903,8.7331321131965,-190.413397176906,-243.292654762575,97.1522359316993,616.356378770665,-1111.11808941571,183.214985767227,2.8421709430404e-14,4,3.20053361794746
145,-38.6757518466674,-113.005960198226,-137.830620157811,-102.536234159318,121.911224938934,9.58818822158013,-191.932938665636,-243.007731925715,91.3561942469659,614.928790908261,-1076.90627840569,227.145451387371,2.8421709430404e-14,4,3.20745816507903
145.5,-38.5063444401567,-112.992050620216,-138.098221202496,-102.873511590544,122.034108913732,10.4412796658488,-193.404488873947,-242.661504469439,85.6040107215942,613.527171281339,-1042.01490939404,271.487799014856,1.4210854715202e-14,4,3.21416765532741
146,-38.3367718954568,-112.976957536631,-138.367832201779,-103.210265257967,122.149034005496,11.2924421328471,-194.827122059751,-242.253424956991,79.8953468895967,612.150972261818,-1006.47026091021,316.206364065434,1.4210854715202e-14,4,3.2206576779114
146.5,-38.1670452247038,-112.960683602266,-138.63938459404,-103.546408904853,122.256060427525,12.1417105479556,-196.199949933136,-241.782996345009,74.2298717610755,610.799644983477,-970.299979025083,361.264254654311,2.8421709430404e-14,4,3.22692391903673
147,-37.9971753567212,-112.943231423935,-138.912808611015,-103.881855620094,122.355247938589,12.9891190734263,-197.522123527291,-241.249773645114,68.6072617947339,609.472639419275,-933.533035516847,406.623414405491,2.8421709430404e-14,4,3.2329621692139
147.5,-37.8271731376438,-112.924603561538,-139.188033333679,-104.216517911604,122.446655853248,13.8347011068219,-198.792835007658,-240.653365494543,63.0272008659481,608.169404456844,-896.199680772828,452.244690609879,2.8421709430404e-14,4,3.23876833052476
148,-37.6570493315277,-112.904802529118,-139.464986750591,-104.550307781839,122.530343052128,14.6784892795607,-200.011319412075,-239.993435628484,57.4893802305156,606.889387972345,-858.331391511822,498.087907567875,2.8421709430404e-14,4,3.24433842381516
148.5,-37.4868146209458,-112.883830795933,-139.743595818602,-104.883136805276,122.60636799215,15.5205154555617,-201.176856314766,-239.269704247073,51.9934984842005,605.632036902867,-819.960813443401,544.111944917582,2.8421709430404e-14,4,3.249668595791
149,-37.316479607569,-112.861690787517,-140.023786525818,-105.21491620773,122.674788716686,16.3608107299903,-202.28877140727,-238.481949270258,46.5392615181854,604.39679731754,-781.121699012755,590.274820715496,3.5527136788005e-14,4,3.25475512599404
149.5,-37.1460548127339,-112.838384886753,-140.305483956703,-105.545556947316,122.735662865663,17.1994054281011,-203.346437989588,-237.630007474138,41.1263824705343,603.183114487529,-741.848840411546,636.533779002926,1.4210854715202e-14,4,3.25959443363447
150,-36.975550677996,-112.813915434937,-140.588612359177,-105.874969796917,122.789047685591,18.0363291041777,-204.349278365123,-236.713775502732,35.754581673775,601.990432955064,-702.177998066697,682.845381558787,2.8421709430404e-14,4,3.26418308425683
150.5,-36.8049775656691,-112.788284732858,-140.873095213586,-106.203065427957,122.835000039518,18.8716105405683,-205.296765133303,-235.733210749596,30.4235865986925,600.818196601674,-662.145824849697,729.165603508077,2.8421709430404e-14,4,3.26851779621585
151,-36.6343457593512,-112.761495041864,-141.158855303399,-106.529754495312,122.873576416901,19.7052777468143,-206.188422374116,-234.68833210418,25.1331317944319,599.665848715743,-621.789786278742,775.449932425528,2.8421709430404e-14,4,3.27259544693941
151.5,-36.4636654644365,-112.733548584936,-141.445814787459,-106.85494772316,122.904832943393,20.5373579588736,-207.02382671921,-233.57922055834,19.8829588250026,598.532832059559,-581.148077014325,821.653470546185,2.8421709430404e-14,4,3.27641307895598
152,-36.2929468086139,-112.704447547768,-141.733895273651,-107.178555991567,122.928825390543,21.3678776384361,-207.802608304621,-232.406019668966,14.6728162022693,597.41858893597,-540.259533975562,867.731039669016,2.8421709430404e-14,4,3.27996790566428
152.5,-36.1221998423522,-112.674194079838,-142.023017893803,-107.500490423625,122.945609185395,22.1968624723316,-208.524451600696,-231.168935873299,9.50245931551501,596.322561254785,-499.16354642946,913.637288316525,1.4210854715202e-14,4,3.28325731682376
153,-35.9514345393718,-112.642790295488,-142.313103379655,-107.820662472916,122.955239419987,23.02433737203,-209.189096115245,-229.868238654105,4.37165035765719,595.244190599038,-457.899963427914,959.326800693009,1.4210854715202e-14,4,3.28627888374515
153.5,-35.7806607971037,-112.610238274996,-142.60407213971,-108.138984011099,122.957770860752,23.8503264732337,-209.79633696652,-228.504260552549,-0.719841751801763,594.182918291226,-416.508998987589,1004.75420696672,1.4210854715202e-14,4,3.28903036416116
154,-35.6098884371352,-112.576540065661,-142.895844336796,-108.455367415417,122.953257957804,24.6748531355614,-210.346025323174,-227.077397027256,-5.77224144701486,593.13818545965,-375.031135425455,1049.87429438699,2.8421709430404e-14,4,3.29150970675847
154.5,-35.4391272056426,-112.541697682874,-143.188339966138,-108.76972565589,122.941754854107,25.4979399423248,-210.838068708924,-225.588106158758,-10.7857665991461,592.109433104939,-333.507025277627,1094.64211873676,1.4210854715202e-14,4,3.29371505535336
155,-35.2683867738119,-112.505713111202,-143.481478933761,-109.081972381996,122.923315394536,26.3196087003975,-211.272431170268,-224.036908199202,-15.7606286027719,591.096102166878,-291.977392241055,1139.01311561348,2.8421709430404e-14,4,3.29564475269439
155.5,-35.0976767382462,-112.468588305462,-143.775181135033,-109.392022008619,122.897993134808,27.1398804401774,-211.649133306193,-222.424384967916,-20.6970324652547,590.09763359162,-250.482931586313,1182.94321102805,2.8421709430404e-14,4,3.29729734387692
156,-34.9270066213614,-112.430325191802,-144.06936653315,-109.699789801055,122.86584135029,27.9587754156419,-211.968252159464,-220.751179094135,-25.5951768990189,589.113468399374,-209.064210495324,1226.38893081133,2.8421709430404e-14,4,3.29867157935595
156.5,-34.7563858717696,-112.39092566878,-144.363955237372,-110.005191958847,122.826913044678,28.776313104499,-212.229920969717,-219.017993108896,-30.4552544166671,588.143047752654,-167.761568780024,1269.30750832197,4.2632564145606e-14,4,3.29976641754487
157,-34.5858238646503,-112.350391608438,-144.658867580828,-110.308145698275,122.781260958534,29.5925122084317,-212.434328789167,-217.225588388805,-35.2774514288647,587.185813025169,-126.615020436858,1311.65698995659,2.8421709430404e-14,4,3.30058102698971
157.5,-34.41532990211,-112.308724857383,-144.954024197681,-110.608569333264,122.728937577699,30.4073906534402,-212.58171996245,-215.374783955073,-40.0619483449328,586.241205871411,-85.6641564874785,1353.39633797516,2.8421709430404e-14,4,3.30111478810986
158,-34.2449132135304,-112.265927237864,-145.249346099493,-110.906382354531,122.669995141553,31.2209655902807,-212.672393472656,-213.46645513188,-44.8089196760822,585.308668297033,-44.9480495483067,1394.48553016896,2.8421709430404e-14,4,3.30136729449828
158.5,-34.074582955905,-112.222000548848,-145.544754750572,-111.201505506772,122.604485651134,32.0332533950019,-212.706702156277,-211.501532068762,-49.5185341412258,584.38764273005,-4.50516056042525,1434.8856559174,1.4210854715202e-14,4,3.3013383537757
159,-33.9043482141644,-112.176946567093,-145.840172142158,-111.493860863708,122.532460877108,32.8442696695822,-212.685051790358,-209.480998132351,-54.1909547753076,583.477572092946,35.6267519027753,1474.55900820144,1.4210854715202e-14,4,3.30102798799537
159.5,-33.734218001491,-112.130767048227,-146.135520865239,-111.783371900808,122.453972367586,33.6540292426668,-212.607900055703,-207.405888173358,-58.826339040089,582.577899875718,75.4107193501607,1513.46917116666,3.5527136788005e-14,4,3.30043643359664
160,-33.5642012596227,-112.083463727817,-146.430724181854,-112.069963565519,122.369071455788,34.4625461704071,-212.475755380552,-205.277286675258,-63.4248389373244,581.688070209915,114.810647729471,1551.58110285656,1.4210854715202e-14,4,3.29956414090759
160.5,-33.3943068591461,-112.035038322446,-146.725706094704,-112.353562344857,122.277809267545,35.2698337374041,-212.289175669625,-203.096325791621,-67.9866011242703,580.807527943714,153.79139806868,1588.86121276747,1.4210854715202e-14,4,3.29841177319876
161,-33.2245435997796,-111.985492530779,-147.020391414923,-112.634096330183,122.180236728642,36.0759044577561,-212.048766923951,-200.864183279509,-72.511767031465,579.935718718054,192.318863069819,1625.27743390894,1.4210854715202e-14,4,3.29698020529191
161.5,-33.054920210646,-111.934828034635,-147.314705827862,-112.911495279057,122.07640457199,36.8807700762135,-211.755181757297,-198.582080336776,-77.000472982716,579.072089043882,230.360039350307,1660.79928908878,2.8421709430404e-14,4,3.29527052172944
162,-32.8854453505355,-111.883046500057,-147.608575956739,-113.185690674017,121.966363344641,37.6844415694412,-211.409117815449,-196.251279351447,-81.4528503172371,578.216086380523,267.883095056022,1695.39795117813,2.8421709430404e-14,4,3.29328401451209
162.5,-32.7161276081594,-111.830149578373,-147.901929424037,-113.456615778177,121.850163414618,38.4869291473913,-211.01131610494,-193.873081571714,-85.8690255138692,577.367159215193,304.857432601121,1729.04629714999,1.4210854715202e-14,4,3.29102218041412
163,-32.5469755023937,-111.776138907261,-148.194694910511,-113.72420568754,121.727854977584,39.2882422547863,-210.562559238157,-191.448824705284,-90.2491203173273,576.524757143689,341.253746321763,1761.71895572376,1.4210854715202e-14,4,3.28848671788686
163.5,-32.3779974825142,-111.721016111815,-148.48680221172,-113.988397379936,121.599488063322,40.0883895727153,-210.063669601999,-188.979880457087,-94.5932518664055,575.688330952249,377.04407486398,1793.3923484876,7.105427357601e-15,4,3.28567952356312
164,-32.2092019284224,-111.664782805599,-148.778182291949,-114.249129760496,121.46511254205,40.8873790203455,-209.515507457528,-186.467652014443,-98.9015328240847,574.8573327006,412.201848159786,1824.04472441037,1.4210854715202e-14,4,3.28260268837659
164.5,-32.0405971508629,-111.607440591706,-149.068767335461,-114.506343703606,121.324778130539,41.685217756749,-208.918968978199,-183.913571488916,-103.174071509472,574.031215806195,446.70192887977,1853.65618769495,1.4210854715202e-14,4,3.27925849331155
165,-31.8721913916322,-111.548991063814,-149.358490794979,-114.759982091285,121.178534398055,42.4819121828474,-208.274984234389,-181.319097324121,-107.410972031508,573.209435129643,480.520648284704,1882.20871896351,2.8421709430404e-14,4,3.27564940479969
165.5,-31.7039928237798,-111.489435807235,-149.647287437339,-115.00998984794,121.026430772117,43.2774679434769,-207.584515132064,-178.685711678717,-111.612334424388,572.391447061305,513.635836432704,1909.68618980444,2.8421709430404e-14,4,3.27177806978211
166,-31.5360095518012,-111.428776399966,-149.935093386255,-115.256313971478,120.868516544055,44.0718899295729,-206.848553313409,-176.014917793771,-115.778254784608,571.576709609083,546.026846731981,1936.07437074766,2.8421709430404e-14,4,3.2676473104554
166.5,-31.3682496118229,-111.367014413732,-150.221846162138,-115.498903560755,120.704840874388,44.8651822804792,-206.068118027274,-173.308237353552,-119.908825409597,570.764682487342,577.674574861939,1961.36093277147,2.8421709430404e-14,4,3.26326011872207
167,-31.200720971781,-111.30415141503,-150.507484718951,-115.737709839356,120.535452798,45.6573483863796,-205.244253977224,-170.567207848647,-124.004134937838,569.954827206983,608.561472116908,1985.53544247824,2.8421709430404e-14,4,3.25861965036606
167.5,-31.0334315315917,-111.240188966166,-150.791949478058,-115.97268617573,120.360401229127,46.448390890857,-204.378029154881,-167.793379950074,-128.064268490441,569.146607166625,638.671553257209,2008.58935110887,1.4210854715202e-14,4,3.25372921897506
168,-30.866389123316,-111.175128626294,-151.075182359058,-116.203788099674,120.179734966139,47.2383116935784,-203.470532666113,-164.98831490282,-132.089307814059,568.339487744866,667.990398980933,2030.51597759634,2.8421709430404e-14,4,3.24859228963196
168.5,-30.699601511317,-111.108971952443,-151.357126807603,-116.430973315233,119.993502696129,48.0271119531104,-202.52287255744,-162.153581946926,-136.079331425118,567.532936393608,696.50515315693,2051.31048588649,5.6843418860808e-14,4,3.24321247239791
169,-30.5330763924116,-111.041720500544,-151.637727820196,-116.654201710029,119.801752999302,48.8147920898637,-201.536173649837,-159.290755773906,-140.034414755251,566.726422732383,724.204514984569,2070.96985678009,2.8421709430404e-14,4,3.23759351561036
169.5,-30.3668213960162,-110.973375826458,-151.916931965995,-116.87343536109,119.604534353149,49.6013517891697,-200.511575386835,-156.401414025914,-143.954630297886,565.919418643675,751.078726268947,2089.4928545725,2.8421709430404e-14,4,3.23173929901906
170,-30.2008440842859,-110.903939486991,-152.194687405638,-117.088638537244,119.401895136436,50.3867900044907,-199.450229703563,-153.487134844695,-147.840047755904,565.111398369152,777.119554021236,2106.87998878827,2.8421709430404e-14,4,3.22565382678362
170.5,-30.03515195225,-110.833413040907,-152.470943907128,-117.299777698138,119.193883632967,51.1711049607633,-198.353298923082,-150.549494476905,-151.690734190291,564.301838606801,802.320268612325,2123.13347132444,4.2632564145606e-14,4,3.21934122035573
171,-29.8697524279404,-110.76179804994,-152.74565285882,-117.506821489981,118.980548035156,51.9542941578781,-197.221953686,-147.59006494195,-155.506754169709,563.490218608883,826.675617724516,2138.25716933172,2.8421709430404e-14,4,3.21280571126942
171.5,-29.7046528725168,-110.6890960798,-153.018767279555,-117.709740738093,118.761936447382,52.7363543742962,-196.057370919038,-144.610411768035,-159.288169920908,562.676020280673,850.181796359794,2152.25655417383,2.1316282072803e-14,4,3.2060516338621
172,-29.5398605803864,-110.615308701167,-153.29024182601,-117.908508436358,118.538096889137,53.5172816708024,-194.860731847833,-141.612091801624,-163.035041479886,561.85872827991,872.836413174973,2165.13864681446,2.8421709430404e-14,4,3.19908341794903
172.5,-29.3753827793202,-110.540437490691,-153.560032797312,-118.103099733693,118.309077297962,54.2970713943975,-193.633220058888,-138.596651095023,-166.747426843742,561.037830116912,894.638453423178,2176.91195998745,2.8421709430404e-14,4,3.19190558147314
173,-29.2112266305643,-110.464484031975,-153.828098137003,-118.293491917632,118.074925532176,55.0757181823306,-192.37601961518,-135.565622876314,-170.425382123114,560.212816255266,915.588238788146,2187.58643750918,5.6843418860808e-14,4,3.18452272315185
173.5,-29.0473992289487,-110.387449916564,-154.094397432429,-118.479664395156,117.835689373386,55.8532159662706,-191.090313229549,-132.520525605351,-174.068961695127,559.383180213058,935.687384402447,2197.17339109307,2.8421709430404e-14,4,3.17693951514152
174,-28.8839076029917,-110.309336744916,-154.358891911629,-118.661598670887,117.591416528792,56.6295579766192,-189.777280499566,-129.462861119038,-177.678218356776,558.548418664523,954.938753343191,2205.68543502457,2.1316282072803e-14,4,3.16916069573975
174.5,-28.7207587150023,-110.230146127378,-154.621544437822,-118.839278322758,117.342154633273,57.4047367469656,-188.438096207181,-126.394112868619,-181.253203478639,557.708031542097,973.346408899314,2213.13641905095,2.8421709430404e-14,4,3.16119106214474
175,-28.557959461179,-110.149879685145,-154.882319501575,-119.012688975315,117.087951251261,58.1787441186823,-187.073928686049,-123.315744251221,-184.793967158851,556.861522138735,990.915564902741,2219.54135983437,2.8421709430404e-14,4,3.15303546329012
175.5,-28.3955166717065,-110.068539051225,-155.141183210752,-119.181818270758,116.828853878401,58.951571245664,-185.685938259017,-120.229197037385,-188.300558377235,556.008397210456,1007.65253441244,2224.91637130832,2.8421709430404e-14,4,3.14469879277266
176,-28.2334371108503,-109.986125871384,-155.39810327835,-119.346655837868,116.564909943,59.7232085992088,-184.275275747858,-117.135889895911,-191.773025149519,555.14816707901,1023.56467703505,2229.27859426783,2.8421709430404e-14,4,3.1361859818894
176.5,-28.0717274770492,-109.902641805096,-155.653049008306,-119.507193258951,116.296166807254,60.4936459730415,-182.843081056963,-114.037217016833,-195.211414681526,554.280345734584,1038.66034515916,2232.64612551217,2.8421709430404e-14,4,3.12750199279962
177,-27.9103944030065,-109.818088526476,-155.905991279396,-119.663424034948,116.02267176827,61.2628724884804,-181.390481832299,-110.934546832937,-198.615773523261,553.404450938461,1052.94882937181,2235.0379468457,1.4210854715202e-14,4,3.11865181182606
177.5,-27.74944445578,-109.732467725213,-156.156902527321,-119.815343548823,115.74447205887,62.0308765997459,-179.918592196604,-107.829220839826,-201.986147722811,552.520004325533,1066.44030331662,2236.4738542282,2.8421709430404e-14,4,3.10964044290875
178,-27.5888841368704,-109.64578110749,-156.405756725094,-119.96294902739,115.461614848177,62.7976460994115,-178.428511561399,-104.722552514119,-205.322582979936,551.626531506583,1079.14576824198,2236.97438735065,2.8421709430404e-14,4,3.10047290122367
178.5,-27.4287198823098,-109.558030396906,-156.652529361821,-120.106239501704,115.174147241998,63.5631681239971,-176.921323516108,-101.615826329012,-208.625124799287,550.723562170234,1091.0769974763,2236.56075989611,1.4210854715202e-14,4,3.09115420697733
179,-27.2689580627495,-109.469217335372,-156.897197420008,-120.245215766149,114.882116282984,64.3274291597029,-175.398094794201,-98.5102968660858,-211.893818643139,549.810630184465,1102.24648105474,2235.25479072817,7.105427357601e-15,4,3.08168937938747
179.5,-27.1096049835475,-109.37934368402,-157.139739351466,-120.379880336362,114.585568950588,65.0904150482841,-173.859874316031,-95.4071880219098,-215.128710083558,548.887273697601,1112.66737070884,2233.0788362321,4.2632564145606e-14,4,3.07208343085862
180,-26.9506668848567,-109.288411224091,-157.38013505196,-120.510237406116,114.2845521608,65.8521109930659,-172.307692307692,-92.3076923076924,-218.329844953888,547.953035238671,1122.3534254166,2230.05572401566,1.4210854715202e-14,4,3.06234136136057
180.5,-26.7921499417134,-109.196421757813,-157.618365834668,-120.636292803295,113.97911276569,66.6125015650973,-170.74255949502,-89.2129702399597,-221.497269499483,547.007461817027,1131.31895769658,2226.20868815858,2.8421709430404e-14,4,3.05246815301645
181,-26.634060264126,-109.103377109283,-157.854414402587,-120.758053945091,113.669297552719,67.3715707094419,-169.165466371555,-86.1241498199933,-224.631030527573,546.050105021129,1139.57878081546,2221.56130618116,2.8421709430404e-14,4,3.04246876490615
181.5,-26.4764038971659,-109.009279125325,-158.088264819963,-120.875529792522,113.355153243867,68.129301751606,-167.57738253912,-83.042326099525,-227.731175556172,545.080521116383,1147.14815706361,2216.1374378849,2.8421709430404e-14,4,3.03234812808995
182,-26.3191868210589,-108.914129676348,-158.319902482856,-120.988730804427,113.036726494534,68.8856774041022,-165.979256119393,-79.9685608299969,-230.797752961942,544.098271141928,1154.04274723924,2209.96116619932,2.8421709430404e-14,4,3.02211114085593
182.5,-26.1624149512786,-108.817930657195,-158.549314088944,-121.097668891012,112.71406389225,69.6406797731453,-164.372013234749,-76.9038821925185,-233.830812126899,543.10292100626,1160.2785614669,2203.05674015242,1.4210854715202e-14,4,3.01176266419412
183,-26.0060941386417,-108.720683987977,-158.776487606642,-121.202357367083,112.387211955177,70.3942903654818,-162.756557556401,-73.8492846054956,-236.830403583878,542.094041581599,1165.87191146227,2195.44852006439,2.8421709430404e-14,4,3.00130751749917
183.5,-25.8502301694055,-108.622391614903,-159.001412243644,-121.302810905064,112.056217130409,71.1464900953481,-161.133769917788,-70.8057286067875,-239.796579160657,541.071208796865,1170.83936434106,2187.16092504788,1.4210854715202e-14,4,2.99075047450264
184,-25.6948287653679,-108.523055511098,-159.224078414975,-121.399045487902,111.721125792077,71.8972592915576,-159.504507990989,-67.7741408071395,-242.729392122645,540.034003729182,1175.19769805637,2178.21838288213,1.4210854715202e-14,4,2.98009625943505
184.5,-25.5398955839701,-108.42267767741,-159.444477710631,-121.49107836195,111.381984239248,72.6465777047137,-157.869606023862,-64.7554139115524,-245.628897314043,538.98201269378,1178.96385853587,2168.64528231286,2.1316282072803e-14,4,2.96934954341705
185,-25.3854362184025,-108.321260143208,-159.662602862898,-121.57892798993,111.038838693644,73.3944245145465,-156.229874635496,-61.7504068051985,-248.495151297375,537.914827332193,1182.15491857734,2158.46592781517,1.4210854715202e-14,4,2.95851494107858
185.5,-25.2314561977137,-108.21880496717,-159.878447713423,-121.662614004056,110.691735297152,74.1407783373702,-154.586100667505,-58.7599447004401,-251.328212491305,536.832044698648,1184.78803854944,2147.70449684319,2.1316282072803e-14,4,2.94759700740373
186,-25.0779609869236,-108.115314238061,-160.092007180117,-121.742157159401,110.340720109154,74.8856172336601,-152.939047088629,-55.7848193414905,-254.128141306639,535.733267344528,1186.88042893262,2136.38499957689,7.105427357601e-15,4,2.93660023479891
186.5,-24.9249559871395,-108.010790075501,-160.303277223964,-121.817579287587,109.985839103669,75.6289187157447,-151.289452950073,-52.8257892632478,-256.895000280429,534.618103400804,1188.44931472477,2124.5312411647,2.8421709430404e-14,4,2.92552905038094
187,-24.7724465356768,-107.905234630714,-160.512254815799,-121.888903250873,109.627138166304,76.3706597556114,-149.638033388969,-49.8835801008432,-259.628854208083,533.48616665833,1189.51190172577,2112.16678644913,1.4210854715202e-14,4,2.91438781348127
187.5,-24.6204379061843,-107.798650087284,-160.71893790312,-121.9561528967,109.264663091029,77.1108167928216,-147.985479677369,-46.9588849464701,-262.329770273392,532.337076645897,1190.08534470541,2099.3149271523,2.8421709430404e-14,4,2.90318081336225
188,-24.4689353087738,-107.691038661878,-160.923325377003,-122.019353012768,108.898459576771,77.8493657425334,-146.332459314135,-44.0523647500991,-264.997818176386,531.170458705925,1190.18671745099,2085.99865148898,1.4210854715202e-14,4,2.89191226714043
188.5,-24.3179438901541,-107.582402604977,-161.125417039172,-122.078529282695,108.528573223832,78.5862820036266,-144.679616157134,-41.1646487607345,-267.633070258936,529.985944067711,1189.83298468187,2072.24061616584,0,4,2.8805863179121
189,-24.1674687337711,-107.472744201581,-161.325213569277,-122.133708242315,108.155049530131,79.3215404669288,-143.027570593153,-38.2963350049305,-270.235601628013,528.783169918108,1189.04097581171,2058.0631207182,2.8421709430404e-14,4,2.86920703307539
189.5,-24.0175148599525,-107.362065771916,-161.522716492432,-122.18491723667,107.777933887282,80.0551155235371,-141.376919742992,-35.4479907993612,-272.805490276523,527.561779469552,1187.82736053152,2043.4880841285,2.8421709430404e-14,4,2.85777840284323
190,-23.8680872260583,-107.250369672113,-161.717928147065,-122.232184377724,107.397271576505,80.7869810732328,-139.728237699218,-32.6201532943149,-275.342817201639,526.32142202532,1186.20862618138,2028.53702366481,5.6843418860808e-14,4,2.84630433894117
190.5,-23.719190726637,-107.137658294895,-161.910851653118,-122.275538502868,107.013107764368,81.5171105329842,-138.082075794127,-29.8133300450759,-277.847666520543,525.061753041936,1184.20105687245,2013.23103587215,1.4210854715202e-14,4,2.83478867348377
191,-23.5708301935877,-107.023934070231,-162.101490880634,-122.315009134219,106.625487498377,82.2454768455349,-136.438962895518,-27.0279996082538,-280.320125583512,523.782434188613,1181.82071431664,1997.5907796454,1.4210854715202e-14,4,2.82323515802311
191.5,-23.4230103963293,-106.909199465997,-162.289850418781,-122.350626438777,106.234455702412,82.9720524880718,-134.799405727928,-24.2646121602204,-282.760285084261,522.483133403656,1179.08342031685,1981.63646130816,2.8421709430404e-14,4,2.81164746276285
192,-23.2757360419746,-106.793456988614,-162.475935545328,-122.382421189445,105.840057172002,83.6968094809694,-133.163889217063,-21.5235901349228,-285.168239167484,521.163524947715,1176.00474086712,1965.38782161938,2.8421709430404e-14,4,2.80002917593121
192.5,-23.1290117755124,-106.676709183672,-162.659752196629,-122.410424726952,105.442336569465,84.4197193966062,-131.532876855228,-18.8053288784507,-287.544085533513,519.823289453814,1172.5999718089,1948.86412462694,5.6843418860808e-14,4,2.78838380330589
193,-22.9828421799961,-106.558958636553,-162.841306938112,-122.434668922697,105.041338418893,85.1407533682479,-129.906811085624,-16.1101973178494,-289.887925540022,518.462113974059,1168.88412598723,1932.08414828534,1.4210854715202e-14,4,2.77671476788442
193.5,-22.8372317767388,-106.440207973032,-163.020606935322,-122.45518614252,104.637107101009,85.8598820989933,-128.286113703488,-13.4385386417881,-292.199864300739,517.079692022946,1164.87192184842,1915.06617675382,2.8421709430404e-14,4,2.76502540969279
194,-22.6921850255165,-106.320459859864,-163.197659925534,-122.472009211441,104.229686847878,86.577075870778,-126.671186272086,-10.7906709908064,-294.48001078106,515.675723617193,1160.57777341939,1897.82799429007,7.105427357601e-15,4,2.75331898572572
194.5,-22.547706324778,-106.19971700537,-163.372474189946,-122.485171379348,103.819121737499,87.2923045534307,-125.062410551717,-8.16688815498398,-296.728477890553,514.249915312005,1156.01578160756,1880.38688065477,2.8421709430404e-14,4,2.74159867001175
195,-22.4038000118629,-106.077982159998,-163.545058526482,-122.494706287669,103.405455688258,88.0055376137776,-123.460148939907,-5.56746027699185,-298.945382572257,512.801980233715,1151.19972675951,1862.75960794218,2.8421709430404e-14,4,2.72986755379633
195.5,-22.2604703632273,-105.955258116877,-163.715422223209,-122.500647937016,102.988732453273,88.7167441247894,-121.864744921102,-2.99263455860311,-301.13084588875,511.331638108708,1146.14306241614,1844.96243875271,1.4210854715202e-14,4,2.71812864583633
196,-22.1177215946769,-105.831547712359,-163.883575032384,-122.503030655816,102.568995614606,89.4258927747662,-120.276523524245,-0.442635968860589,-303.284993104921,509.838615288585,1140.8589102023,1827.01112562438,2.8421709430404e-14,4,2.70638487279938
196.5,-21.9755578616092,-105.706853826547,-164.049527145148,-122.501889069923,102.146288577379,90.1329518765544,-118.695791786696,2.08233204779528,-305.407953767401,508.322644771485,1135.36005578866,1808.9209116412,2.8421709430404e-14,4,2.69463907976161
197,-21.8339832592629,-105.581179383808,-164.213289166858,-122.497258073216,101.720654563769,90.8378893767901,-117.122839223044,4.58208686501238,-307.499861780623,506.783466219506,1129.65894586471,1790.70653213826,4.2632564145606e-14,4,2.68289403079738
197.5,-21.6930018229768,-105.454527353278,-164.374872093078,-122.489172799168,101.292136606907,91.5406728651649,-115.557938297473,7.05646597109853,-309.56085547945,505.220825972179,1123.76768606202,1772.38221742522,3.5527136788005e-14,4,2.67115240965501
198,-21.5526175284561,-105.326900749348,-164.534287286232,-122.477668593403,100.860777544674,92.2412695837072,-114.001344898367,9.50532627003754,-311.591077698354,503.634477055933,1117.69803976842,1753.9616964515,4.2632564145606e-14,4,2.65941682051228
198.5,-21.4128342920481,-105.198302632145,-164.691546452905,-122.462780987206,100.426620013409,92.9396464360734,-112.453298813992,11.928543388208,-313.5906758371,502.024179189498,1111.46142777451,1735.45820133933,1.4210854715202e-14,4,2.64768978880592
199,-21.2736559710269,-105.068736107989,-164.846661621819,-122.444545671999,99.98970644152,93.6357699968443,-110.91402420812,14.3260109879569,-315.559801922919,500.389698785221,1105.06892869575,1716.8844727127,1.4210854715202e-14,4,2.63597376212956
199.5,-21.1350863638861,-104.938204329851,-164.999645122456,-122.422998474765,99.5500790430202,94.3296065208205,-109.383730094556,16.6976400890891,-317.498612669128,498.730808946222,1098.53128011448,1698.252765753,2.8421709430404e-14,4,2.62427111119429
200,-20.9971292106417,-104.806710497785,-165.150509564351,-122.398175334402,99.1077798109785,95.0211219523106,-107.862610809615,19.0433583992325,-319.407269530189,497.047289459389,1091.85888038825,1679.57485691487,4.2632564145606e-14,4,2.61258413084691
200.5,-20.8597881931428,-104.674257859354,-165.299267817027,-122.370112279011,98.6628505108991,95.7102819344066,-106.350846481654,21.3631096539523,-321.285938753191,495.338926784152,1085.06179107233,1660.86205123812,2.8421709430404e-14,4,2.60091504114045
201,-20.7230669353932,-104.540849710045,-165.44593299059,-122.338845404082,98.2153326740313,96.3970518182419,-104.848603496839,23.6568529673987,-323.134791425719,493.605514037018,1078.14973990634,1642.12519019487,0,4,2.58926598845209
201.5,-20.5869690038808,-104.406489393665,-165.590518416961,-122.304410851582,97.7652675906157,97.0813966722231,-103.356034960406,25.9245621941912,-324.954003520133,491.846850971852,1071.13212431663,1623.37466001339,2.8421709430404e-14,4,2.57763904664394
202,-20.4514979079173,-104.271180302727,-165.733037631749,-122.266844789917,97.3126963030706,97.763281291233,-101.873281152721,28.1662253031636,-326.743755934226,490.062743955862,1064.01801538816,1604.62040042312,2.8421709430404e-14,4,2.56603621826178
202.5,-20.316657099987,-104.134925878826,-165.873504356752,-122.226183394758,96.8576595991255,98.4426702057963,-100.400469979525,30.3818437635154,-328.504234528262,488.2530059413,1056.81616226166,1585.87191376835,2.8421709430404e-14,4,2.5544594357678
203,-20.1824499761055,-103.997729612998,-166.011932483077,-122.182462830708,96.4001980049048,99.1195276912037,-98.9377174157995,32.5714319438486,-330.235630158409,486.417456432842,1049.53499691364,1567.1382744405,2.1316282072803e-14,4,2.5429105628029
203.5,-20.0488798761879,-103.859595046069,-166.148336054879,-122.135719233798,95.9403517779681,99.7938177765868,-97.4851279427574,34.7350165244988,-331.938138706554,484.555921450669,1042.18263927908,1548.42813858208,4.2632564145606e-14,4,2.53139139547482
204,-19.9159500844266,-103.720525768989,-166.282729253688,-122.085988694786,95.4781609003113,100.46550425394,-96.0427949774939,36.8726359235063,-333.611961106528,482.668233489213,1034.76690267855,1529.74975401781,2.8421709430404e-14,4,2.51990366366813
204.5,-19.7836638296786,-103.580525423159,-166.415126383345,-122.033307243242,95.013665071334,101.134550687081,-94.6108012949147,38.9843397365155,-335.257303366739,480.754231471602,1027.29529951358,1511.11097037138,3.5527136788005e-14,4,2.5084490323728
205,-19.6520242858634,-103.439597700735,-166.545541855506,-121.977710832413,94.5469037007778,101.800920420544,-93.1892194415874,41.0701881908293,-336.874376589235,478.813760699796,1019.77504719584,1492.51924932878,1.4210854715202e-14,4,2.49702910302767
205.5,-19.5210345723701,-103.297746344934,-166.673990175714,-121.919235324819,94.0779159016404,102.464576588406,-91.7781121412136,43.1302516138005,-338.463396985226,476.846672800417,1012.21307427808,1473.98167501174,2.8421709430404e-14,4,2.48564541487591
206,-19.3906977544742,-103.154975150316,-166.800485930042,-121.85791647859,93.6067404830712,103.125482123026,-90.377532691463,45.1646099156861,-340.024585887075,474.852825666318,1004.61602675626,1455.50496442739,2.1316282072803e-14,4,2.47429944632926
206.5,-19.2610168437647,-103.011287963059,-166.925043772264,-121.793789934506,93.1334159432519,103.783599763709,-88.987525351953,47.1733520870509,-341.558169756804,472.832083393869,996.990274514439,1437.09547796251,2.8421709430404e-14,4,2.46299261633838
207,-19.1319947985811,-102.86668868122,-167.047678411569,-121.726891203727,92.6579804622684,104.438892065274,-87.6081257231931,49.156575710759,-343.064380191128,470.784316216023,989.341917885679,1418.75922989323,2.1316282072803e-14,4,2.45172628576649
207.5,-19.0036345244599,-102.721181254986,-167.168404600794,-121.657255656189,92.1804718949773,105.091321406528,-86.2393611163508,51.1143864885587,-344.543453923073,468.709400431167,981.676794304102,1400.50189888327,2.8421709430404e-14,4,2.44050175876402
208,-18.8759388745915,-102.574769686916,-167.28723712516,-121.58491850965,91.7009277638736,105.74084999864,-84.8812509137297,53.0468977822236,-345.995632820202,466.607218327795,974.000485024806,1382.32883844584,2.8421709430404e-14,4,2.42932028414175
208.5,-18.7489106502867,-102.427458032163,-167.404190791504,-121.509914819356,91.2193852519622,106.387439893405,-83.5338069198782,54.9542301691884,-347.421163879503,464.477658105054,966.318321890125,1364.24508734652,4.2632564145606e-14,4,2.41818305674038
209,-18.622552601453,-102.27925039869,-167.519280417996,-121.432279468326,90.735881195639,107.031052991393,-82.1970337032815,56.8365110125775,-348.820299218979,462.320613789173,958.635394122242,1346.25537992636,1.4210854715202e-14,4,2.4070912187945
209.5,-18.4968674270811,-102.13015094748,-167.632520824319,-121.352047158214,90.2504520775864,107.671651049988,-80.8709289286111,58.6938740455067,-350.193296065994,460.135985145857,950.956555123696,1328.36415632641,1.4210854715202e-14,4,2.39604586128907
210,-18.371857775741,-101.980163892724,-167.743926822304,-121.269252400743,89.763134019687,108.309195691289,-79.5554836795341,60.5264589695058,-351.54041674243,457.923677588658,943.286429268817,1310.57557259643,1.4210854715202e-14,4,2.38504802530671
210.5,-18.2475262460882,-101.829293502004,-167.853513207012,-121.183929509688,89.2739627759596,108.943648409896,-78.2506827721047,62.3344110668926,-352.861928646705,455.68360208341,935.629418670476,1292.89351067266,1.4210854715202e-14,4,2.37409870336415
211,-18.1238753873791,-101.677544096467,-167.961294748238,-121.096112593381,88.782973725523,109.574970580545,-76.9565050587839,64.1178808269057,-354.15810423273,453.415675048752,927.989709907901,1275.32158821058,1.4210854715202e-14,4,2.36319884073645
211.5,-18.0009076999971,-101.524920050985,-168.067286182434,-121.005835547739,88.2902018655908,110.203123465617,-75.6729237231483,65.8770235853856,-355.429220985838,451.119818252819,920.371280702569,1257.86316826071,1.4210854715202e-14,4,2.35234933676755
212,-17.8786256359876,-101.371425794306,-168.171502205037,-120.913132049767,87.7956818045017,110.828068222487,-74.3999065653711,67.6119991777797,-356.675561395787,448.795958706158,912.777906530374,1240.5213687764,2.8421709430404e-14,4,2.3415510461661
212.5,-17.7570315996028,-101.217065809194,-168.273957463186,-120.818035551547,87.2994477547893,111.449765910737,-73.1374162785688,69.32297160523,-357.897412926882,446.444028550928,905.21316715944,1223.29907194428,2.8421709430404e-14,4,2.33080478028519
213,-17.6361279478563,-101.061844632561,-168.37466654881,-120.720579274677,86.8015335262957,112.068177499197,-71.8854107161265,71.0101087134916,-359.095067985291,444.063964946474,897.680453103986,1206.19893332907,1.4210854715202e-14,4,2.32011130838523
213.5,-17.5159169910874,-100.90576685559,-168.473643992092,-120.620796205142,86.3019725193313,112.683263872834,-70.6438431501205,72.6735818844195,-360.268823883644,441.655709951309,890.182971985691,1189.22339082575,7.105427357601e-15,4,2.30947135887897
214,-17.3964009935343,-100.748837123843,-168.570904255279,-120.518719088615,85.8007977178874,113.294985839474,-69.4126625209767,74.3135657397522,-361.418982802982,439.219210401631,882.723754794966,1172.37467341316,2.8421709430404e-14,4,2.29888562055781
214.5,-17.277582173917,-100.591060137364,-168.666461726833,-120.414380426155,85.2980416829016,113.90330413635,-68.191813678504,75.9302378569115,-362.545851752129,436.754417786401,875.305662045414,1155.65480970413,2.8421709430404e-14,4,2.28835474379873
215,-17.1594627060298,-100.432440650776,-168.760330715913,-120.30781247029,84.7937365455827,114.508179436474,-66.9812376144602,77.5237784965332,-363.649742524588,434.261288119102,867.931389815633,1139.06563628817,1.4210854715202e-14,4,2.27787934175128
215.5,-17.0420447193425,-100.272983473364,-168.852525447174,-120.199047221474,84.2879140007964,115.109572354834,-65.7808716868045,79.0943703414417,-364.730971653034,431.739781806236,860.603475673262,1122.60880586363,1.4210854715202e-14,4,2.26745999150392
216,-16.9253302996112,-100.112693469151,-168.943060055869,-120.088116424899,83.7806053005163,115.7074434544,-64.5906498358092,80.6421982467682,-365.789860361488,429.189863512666,853.324304476962,1106.28579515712,2.8421709430404e-14,4,2.25709723522939
216.5,-16.8093214894975,-99.9515755569637,-169.03194858325,-119.975051567644,83.2718412473421,116.30175325194,-63.4105027921983,82.1674490009227,-366.826734515271,426.611502023872,846.096114052642,1090.09791262863,2.8421709430404e-14,4,2.24679158130861
217,-16.6940202891976,-99.7896347104992,-169.119204972247,-119.85988387615,82.7616521880902,116.892462223652,-62.2403582774927,83.6703110971152,-367.84192456882,424.004670105218,838.921000740939,1074.04630596169,1.4210854715202e-14,4,2.23654350543283
217.5,-16.5794286570795,-99.6268759583719,-169.204843063429,-119.742644314004,82.2500680074566,117.479530810588,-61.0801411967405,85.1509745151329,-368.835765511469,421.369344358329,831.800924813503,1058.13196933812,7.105427357601e-15,4,2.22635345168379
218,-16.4655485103293,-99.4633043841609,-169.288876591215,-119.623363580022,81.7371181217575,118.062919423881,-59.9297738238174,86.609630513071,-369.808596811269,418.705505074659,824.737715756213,1042.35575049805,1.4210854715202e-14,4,2.21622183359151
218.5,-16.3523817256058,-99.2989251264476,-169.371319180349,-119.502072106612,81.2228314727492,118.642588449769,-58.7891759794829,88.0464714287197,-370.760762356971,416.013136086353,817.733077417935,1026.71835758602,4.2632564145606e-14,4,2.20614903516981
219,-16.2399301397041,-99.1337433788471,-169.45218434261,-119.378800058404,80.7072365215288,119.218498254403,-57.6582652023778,89.4616904903135,-371.692610398243,413.292224614495,810.788593023911,1011.22036578452,2.8421709430404e-14,4,2.19613541192926
219.5,-16.1281955502272,-98.9677643900327,-169.53148547376,-119.253577331145,80.1903612425209,119.790609188453,-56.5369569131557,90.8554816363452,-372.604493484231,410.542761114844,803.905730053291,995.862223736947,1.4210854715202e-14,4,2.18618129186762
220,-16.0171797162662,-98.8009934637545,-169.609235850706,-119.126433550827,79.6722331175488,120.358881591485,-55.4251645719316,92.2280393441579,-373.496768400569,407.764739121154,797.085844980687,980.644259762086,2.8421709430404e-14,4,2.17628697643758
220.5,-15.9068843590885,-98.6334359588518,-169.685448628892,-118.997398073056,79.1528791299957,120.923275796135,-54.3227998292413,93.5795584670231,-374.36979610492,404.958155086175,790.330187882019,965.566687862755,7.105427357601e-15,4,2.16645274149214
221,-15.797311162834,-98.46509728926,-169.760136839878,-118.866499982637,78.632325759055,121.483752132041,-53.2297726706972,94.9102340794236,-375.223941661164,402.123008220447,783.639906905227,950.629613531513,5.6843418860808e-14,4,2.1566788382074
221.5,-15.6884617752193,-98.2959829240122,-169.83331338913,-118.733768093372,78.1105989740746,122.040270929568,-52.1459915555274,96.2202613302613,-376.059574172338,399.259300328965,777.016052606706,935.833039356551,2.8421709430404e-14,4,2.14696549398296
222,-15.5803378082499,-98.1260983872353,-169.904991053991,-118.599230948049,77.5877242289935,122.592792523294,-51.0713635491863,97.5098353037126,-376.877066712402,396.367035645848,770.45958215461,921.176870431216,2.8421709430404e-14,4,2.13731291332019
222.5,-15.4729408389395,-97.9554492581429,-169.975182481834,-118.46291681863,77.0637264568749,123.141277255267,-50.0057944502168,98.7791508874649,-377.676796256976,393.446220667084,763.971363400385,906.660919570741,1.4210854715202e-14,4,2.1277212786783
223,-15.3662724100375,-97.7840411710215,-170.043900188387,-118.324853706606,76.538630064536,123.685685478031,-48.94918891155,100.028402648065,-378.459143613109,390.496863981474,757.552178820121,892.284912340009,2.8421709430404e-14,4,2.11819075130864
223.5,-15.2603340307634,-97.6118798152149,-170.111156556224,-118.185069343532,76.0124589272755,124.225977557413,-47.9014505564188,101.257784713121,-379.22449334821,387.518976099864,751.202729327489,878.048491896272,1.4210854715202e-14,4,2.10872147206723
224,-15.1551271775489,-97.4389709351038,-170.176963833412,-118.043591191707,75.485236383701,124.762113875073,-46.8624820890652,102.46749066011,-379.973233718232,384.512569282778,744.923637960216,863.951223650925,7.105427357601e-15,4,2.09931356220597
224.5,-15.0506532947861,-97.2653203300817,-170.241334132306,-117.900446445018,74.956985230656,125.294054830816,-45.832185400413,103.657713411525,-380.705756595213,381.47765736654,738.715453442156,849.992599754487,4.2632564145606e-14,4,2.08996712414254
225,-14.9469137955845,-97.0909338545287,-170.304279428495,-117.755662029915,74.4277277182484,125.821760844655,-44.8104616688786,104.828645136146,-381.422457394278,378.414255587998,732.578653623201,836.172043409085,3.5527136788005e-14,4,2.08068224220953
225.5,-14.8439100625328,-96.915817417782,-170.365811559876,-117.609264606526,73.8974855449804,126.345192358636,-43.7972114564876,105.980477156169,-382.123735000197,375.322380407946,726.513648799349,822.488913012753,2.8421709430404e-14,4,2.07145898338291
226,-14.7416434484689,-96.7399769841042,-170.425942225861,-117.46128056989,73.3662798529808,126.864309838416,-42.7923348004629,107.113399859988,-382.809991693615,372.202049333343,720.520784915323,808.94250613993,1.4210854715202e-14,4,2.06229739799014
226.5,-14.6401152772555,-96.5634185726496,-170.484682986714,-117.311736051316,72.8341312233399,127.379073774588,-41.7957313004434,108.227602620387,-383.481633077031,369.053280738427,714.600346652273,795.532063362565,1.4210854715202e-14,4,2.0531975203984
227,-14.5393268445629,-96.3861482574285,-170.542045262996,-117.160656919844,72.3010596715472,127.889444683765,-40.8073002014933,109.323273717935,-384.139068000651,365.876093684828,708.752560403101,782.256771916248,1.4210854715202e-14,4,2.04415936968309
227.5,-14.4392794186575,-96.2081721672708,-170.598040335133,-117.008068783815,71.7670846430323,128.395383109407,-39.8269404730556,110.400600269365,-384.78270848819,362.670507740765,702.977597138027,769.115769215804,4.2632564145606e-14,4,2.035182950277
228,-14.3399742411963,-96.0294964857883,-170.652679343081,-116.85399699253,71.2322250088086,128.896849622396,-38.8545508840003,111.459768160734,-385.412969662743,359.436542799436,697.275575163053,756.108146224751,1.4210854715202e-14,4,2.02626825260059
228.5,-14.2414125280283,-95.8501274513359,-170.705973286099,-116.698466638008,70.6964990612204,129.393804821368,-37.890030073914,112.500961985168,-386.030269672797,356.174218896683,691.646562774004,743.23295068303,2.8421709430404e-14,4,2.01741525367351
229,-14.1435954700005,-95.6700713569736,-170.757933022618,-116.54150255682,70.1599245097917,129.886209332777,-36.9332766207744,113.52436498499,-386.635029618504,352.883556028037,686.09058080886,730.489190197359,5.6843418860808e-14,4,2.00862391770797
229.5,-14.0465242337703,-95.4893345504275,-170.8085692702,-116.383129332003,69.622518477178,130.374023810714,-35.9841891051492,114.530158998046,-387.227673478289,349.56457396522,680.607605101066,717.875835198535,2.1316282072803e-14,4,1.99989419668414
230,-13.9501999626238,-95.3079234340517,-170.857892605585,-116.223371295045,69.0842974952193,130.857208936471,-35.0426661710543,115.518524408053,-387.808628035891,346.217292072202,675.197568836577,705.391821769965,2.8421709430404e-14,4,1.99122603090807
230.5,-13.8546237772985,-95.1258444647915,-170.905913464815,-116.062252527938,68.5452775010941,131.335725417844,-34.1086065836039,116.489640098786,-388.378322807944,342.841729120901,669.860364817307,693.036054351629,5.6843418860808e-14,4,1.98261934955233
231,-13.7597967768122,-94.9431041541465,-170.952642143446,-115.899796865291,68.0054738335742,131.809533988182,-33.1819092835806,117.443683411935,-388.937189972149,339.437903106607,664.595847633706,680.807408323647,4.2632564145606e-14,4,1.97407407117991
231.5,-13.6657200392962,-94.7597090681365,-170.998088796828,-115.736027896498,67.4649012293772,132.278595405181,-32.2624734390491,118.380830108474,-389.485664296171,336.005831063213,659.403835749137,668.704732473521,2.8421709430404e-14,4,1.96559010425174
232,-13.5723946228348,-94.575665827268,-171.042263440448,-115.57096896796,66.9235738196193,132.742870449424,-31.3501984941349,119.301254333371,-390.024183067306,332.545528878342,654.284113498718,656.726851351085,2.8421709430404e-14,4,1.95716734761797
232.5,-13.479821566308,-94.3909811065046,-171.085175950355,-115.40464318535,66.3815051263637,133.202319922652,-30.4449842150854,120.205128583499,-390.55318602303,329.057011108439,649.23643300524,644.872567515084,4.2632564145606e-14,4,1.94880569099374
233,-13.38800189024,-94.2056616352378,-171.126836063631,-115.237073415922,65.8387080592652,133.656904645795,-29.5467307337239,121.092623678593,-391.073115282495,325.540290793909,644.260516014782,633.140663675251,2.8421709430404e-14,4,1.94050501541945
233.5,-13.2969365976523,-94.0197141972629,-171.16725337893,-115.068282290863,65.2951949123095,134.106585456736,-28.6553385884111,121.963908735109,-391.584415279053,321.995379274381,639.356055654561,621.529904733659,2.8421709430404e-14,4,1.93226519370615
234,-13.2066266749206,-93.8331456307562,-171.206437357072,-114.898292207672,64.7509773606449,134.551323207816,-27.7707087626162,122.819151142855,-392.087532693901,318.422286004161,634.522718115556,610.039039729032,2.8421709430404e-14,4,1.92408609086629
234.5,-13.1170730926369,-93.6459628282578,-171.244397321682,-114.727125332572,64.2060664575063,134.991078763094,-26.892742721202,123.658516544251,-392.582916390899,314.82101836795,629.760144262369,598.666803687623,2.8421709430404e-14,4,1.91596756453017
235,-13.0282768064749,-93.4581727366566,-171.281142459884,-114.554803602952,63.6604726312276,135.425812995341,-26.021342444523,124.482168816103,-393.071017352648,311.191581496891,625.06795117276,587.411919384168,7.105427357601e-15,4,1.90790946534857
235.5,-12.9402387580601,-93.2697823571804,-171.316681823043,-114.38134872983,63.1142056823429,135.855486782783,-25.1564104604337,125.29027005376,-393.5522886179,307.53397808501,620.445733609256,576.273099016342,1.4210854715202e-14,4,1.89991163738173
236,-12.8529598758441,-93.0807987453917,-171.351024327542,-114.206782200337,62.5672747807738,136.280061005589,-24.2978498742975,126.082980557536,-394.02718522036,303.848208206118,615.893065425142,565.249045796055,2.8421709430404e-14,4,1.89197391847515
236.5,-12.7664410759815,-92.8912290111863,-171.384178755605,-114.031125280216,62.0196884630995,136.699496542107,-23.4455643970882,126.860458821289,-394.496164128951,300.134269131227,611.409500907148,554.338455460817,1.4210854715202e-14,4,1.88409614062259
237,-12.6806832632124,-92.7010803187995,-171.416153756159,-113.854399016343,61.4714546299103,137.113754264841,-22.5994583716682,127.622861523047,-394.959684189601,296.392155146534,606.994576057045,543.540017708336,2.8421709430404e-14,4,1.87627813031638
237.5,-12.5956873317467,-92.5103598868168,-171.446957845725,-113.676624239248,60.9225805432397,137.522795036181,-21.7594367973293,128.370343517569,-395.418206068626,292.621857372046,602.647809814351,532.852417557398,2.8421709430404e-14,4,1.86851970888567
238,-12.511454166153,-92.3190749881911,-171.476599409349,-113.497821565655,60.3730728240748,137.926579703884,-20.9254053526732,129.103057830754,-395.872192197743,288.823363580869,598.368705222254,522.274336638003,2.8421709430404e-14,4,1.86082069282268
238.5,-12.4279846422508,-92.1272329502664,-171.505086701558,-113.318011401027,59.8229374499411,138.325069096292,-20.0972704169128,129.821155655789,-396.322106720794,284.996658019236,594.156750538841,511.804454413635,4.2632564145606e-14,4,1.85318089409746
239,-12.3452796280058,-91.9348411548081,-171.532427847351,-113.137213942106,59.2721797525611,138.718224017316,-19.2749390896653,130.524786350952,-396.768415442219,281.141721227303,590.011420295653,501.441449338443,1.4210854715202e-14,4,1.84560012046137
239.5,-12.2633399844279,-91.7419070380405,-171.558630843206,-112.955449179471,58.7208044155824,139.106005241164,-18.4583192093115,131.214097438975,-397.211585777332,277.258529860765,585.932176305517,491.183999952054,2.8421709430404e-14,4,1.83807817573954
240,-12.1821665664738,-91.5484380906922,-171.583703558125,-112.77273690008,58.1688154723734,139.488373506819,-17.6473193699891,131.889234607892,-397.652086704452,273.347056513329,581.918468621587,481.030785914606,1.4210854715202e-14,4,1.83061486011279
240.5,-12.1017602239507,-91.3544418580487,-171.607653734688,-112.589096689821,57.6162163038856,139.865289512276,-16.8418489372866,132.550341713278,-398.090388718923,269.407269540085,577.969736449434,470.980488984549,2.1316282072803e-14,4,1.82320997038911
241,-12.0221218024246,-91.1599259400134,-171.630488990141,-112.404547936051,57.0630096365764,140.236713908536,-16.0418180627027,133.197560781811,-398.526963789083,265.439132881808,574.085409014001,461.031793941645,2.8421709430404e-14,4,1.81586330026505
241.5,-11.9432521441301,-90.9648979911775,-171.652216817493,-112.219109830137,56.5091975403935,140.602607293348,-15.2471376969312,133.83103201608,-398.962285314202,261.442605890224,570.264906383158,451.183389457519,2.1316282072803e-14,4,1.80857464057741
242,-11.8651520888843,-90.7693657208982,-171.672844586634,-112.032801369983,55.9547814268147,140.962930204722,-14.4577196020312,134.450893800563,-399.396828084442,257.417643154273,566.507640249578,441.433968916053,2.8421709430404e-14,4,1.80134377954526
242.5,-11.787822475002,-90.5733368933864,-171.692379545474,-111.84564136255,55.3997620469439,141.317643114184,-13.6734763625401,135.057282708719,-399.831068242861,253.364194327393,562.813014672555,431.782231185809,3.5527136788005e-14,4,1.79417050300286
243,-11.7112641402147,-90.3768193278038,-171.710828821088,-111.657648426369,54.8441394896561,141.666706419812,-12.8943213955822,135.650333511108,-400.265483249506,249.282203955848,559.180426781374,422.226881346602,1.4210854715202e-14,4,1.78705459462344
243.5,-11.6354779225911,-90.17982089837,-171.72819942088,-111.468840994033,54.2879131797926,142.010080439018,-12.1201689600274,136.230179184503,-400.700551847606,245.171611308137,555.609267441771,412.766631372268,1.4210854715202e-14,4,1.77999583613432
244,-11.5604646614612,-89.9823495344796,-171.74449823376,-111.279237314688,53.731081876401,142.3477254011,-11.3509341647475,136.796950921911,-401.136754031906,241.032350205485,552.098921886978,403.400200771582,2.8421709430404e-14,4,1.77299400752349
244.5,-11.4862251983417,-89.78441322083,-171.759732031327,-111.088855456499,53.1736436710173,142.679601439562,-10.5865329760212,137.350778143464,-401.574571019162,236.86434885344,548.648770314795,394.12631718924,2.8421709430404e-14,4,1.76604888723795
245,-11.4127603778645,-89.5860199975596,-171.773907469067,-110.897713309104,52.6155959859887,143.005668584198,-9.82688222413193,137.89178850811,-402.014485220808,232.667529674607,545.258188452093,384.943716968707,2.8421709430404e-14,4,1.759160252374
245.5,-11.3400710487073,-89.3871779603979,-171.787031087555,-110.705828586054,52.0569355728312,143.325886752941,-9.07189960920378,138.420107926066,-402.456980217824,228.441809142506,541.926548088095,375.851145678703,2.8421709430404e-14,4,1.7523278788597
246,-11.2681580645264,-89.1878952608264,-171.799109313668,-110.513218827233,51.4976585106219,143.64021574349,-8.32150370631682,138.935860571976,-402.902540737816,224.187097616584,538.653217577734,366.847358604991,2.1316282072803e-14,4,1.74555154162984
246.5,-11.1970222848915,-88.9881801062515,-171.810148461803,-110.319901401254,50.9377602044209,143.948615224701,-7.57561396994498,139.43916889873,-403.351652634313,219.903299178391,535.437562316359,357.931121209116,2.8421709430404e-14,4,1.7388310147934
247,-11.1266645762233,-88.7880407601898,-171.820154735101,-110.125893507846,50.3772353837205,144.251044727758,-6.83415073775208,139.930153651897,-403.804802868306,215.590311468906,532.278945186998,349.101209555625,1.4210854715202e-14,4,1.73216607179395
247.5,-11.0570858127328,-88.5874855424654,-171.829134226676,-109.931212180213,49.8160781009191,144.547463637111,-6.0970352337865,140.408933884731,-404.262479492016,211.248025527048,529.176726981351,340.356410709285,1.4210854715202e-14,4,1.72555648556303
248,-10.9882868773623,-88.3865228294199,-171.837092920848,-109.735874287374,49.2542817298151,144.837831181201,-5.36418957110763,140.875626973705,-404.72517163491,206.876325629353,526.130266795652,331.695523103714,1.4210854715202e-14,4,1.71900202866677
248.5,-10.9202686627295,-88.1851610541363,-171.84403669438,-109.539896536478,48.6918389641189,145.12210642295,-4.63553675387966,141.330348634548,-405.193369491961,202.475089130825,523.138922402486,323.117356882816,7.105427357601e-15,4,1.71250247344591
249,-10.8530320720729,-87.983408706675,-171.849971317716,-109.343295475103,48.1287418159808,145.400248250044,-3.91100067896566,141.773212938724,-405.667564314144,198.044186306965,520.202050599615,314.620734216348,2.8421709430404e-14,4,1.70605759214943
249.5,-10.7865780201992,-87.781274334324,-171.854902456222,-109.146087493527,47.5649816145287,145.672215364988,-3.19050613705139,142.204332330344,-406.148248401174,193.583480196969,517.319007536825,306.20448959085,1.4210854715202e-14,4,1.69966715706189
250,-10.7209074344334,-87.5787665418639,-171.858835671425,-108.948288826975,47.0005490044157,145.937966274949,-2.47397881333112,142.62381764346,-406.635915096469,189.092826448102,514.489149021781,297.867470077209,1.4210854715202e-14,4,1.6933309406248
250.5,-10.6560212555699,-87.3758939918456,-171.861776422263,-108.749915557843,46.4354339443728,146.19745928138,-1.76134528778166,143.031778119715,-407.131058784339,184.572073161229,511.711830805821,289.608535575957,7.105427357601e-15,4,1.68704871555201
251,-10.5919204388266,-87.1726654048836,-171.863730066319,-108.550983617901,45.8696257057636,146.450652469436,-1.05253303505318,143.428321426321,-407.634174889371,180.021060737513,508.986408850599,281.426559041457,1.4210854715202e-14,4,1.68082025493934
251.5,-10.5286059548006,-86.969089559964,-171.864701861069,-108.351508790459,45.303112871139,146.697503697169,-0.3474704240031,143.813553674335,-408.145759878016,175.439621726266,506.312239576451,273.320426686045,1.4210854715202e-14,4,1.67464533236867
252,-10.4660787904256,-86.7651752947674,-171.864696965123,-108.151506712525,44.7358833327873,146.937970584523,0.353913283103996,144.1875794372,-408.666311262338,170.827580673933,503.688680093325,265.289038165104,1.4210854715202e-14,4,1.66852372200657
252.5,-10.4043399499318,-86.5609315060075,-171.863720439463,-107.950992876921,44.1679242912788,147.172010502111,1.05168793170439,144.550501769535,-409.196327605918,166.184753974235,501.115088415083,257.331306744104,1.4210854715202e-14,4,1.66245519869754
253,-10.3433904558075,-86.3563671497851,-171.861777248681,-107.749982634381,43.5992222539993,147.399580559788,1.74592247633022,144.902422226147,-409.736308531891,161.510949719417,498.590823657948,249.446159448494,1.4210854715202e-14,4,1.65643953805217
253.5,-10.2832313497632,-86.1514912419586,-171.858872262218,-107.548491195622,43.0297630336721,147.620637595023,2.43668498227012,145.243440881233,-410.286754733074,156.805967552624,496.115246223853,241.632537197356,2.8421709430404e-14,4,1.65047651653017
254,-10.223863693697,-85.9463128585301,-171.855010255596,-107.346533633387,42.4595317468642,147.835138161058,3.12404262747333,145.573656347762,-410.848167984166,152.069598521389,493.687717969404,233.889394921672,1.4210854715202e-14,4,1.64456591151852
254.5,-10.1652885706628,-85.7408411360491,-171.85019591165,-107.144124884457,41.8885128124737,148.043038514869,3.8080617046795,145.89316579701,-411.421051155994,147.301624932208,491.307602361152,226.215701668012,1.4210854715202e-14,4,1.63870750140478
255,-10.1075070858403,-85.5350852720319,-171.844433821754,-106.941279751646,41.3166899501965,148.244294604927,4.48880762375532,146.202064978228,-412.005908231757,142.5018202062,488.974264617844,218.610440688418,1.4210854715202e-14,4,1.63290106564571
255.5,-10.0505203675074,-85.3290545253989,-171.837728487047,-106.738012905756,40.7440461789691,148.438862058757,5.16634491421933,146.500448238427,-412.603244325232,137.669948735856,486.687071840278,211.072609517228,2.1316282072803e-14,4,1.62714638483128
256,-9.99432956801398,-85.1227582169292,-171.830084319653,-106.534338887516,40.1705638153842,148.626696170299,5.84073722793957,146.788408542262,-413.213565700912,132.805765742837,484.445393129397,203.601220035535,1.4210854715202e-14,4,1.62144324074423
256.5,-9.93893586475918,-84.9162057297327,-171.8215056439,-106.330272109486,39.5962244720779,148.807751887071,6.51204734198675,147.066037491993,-413.837379796022,127.909017136833,482.248599693193,196.195298523974,1.4210854715202e-14,4,1.61579141641518
257,-9.88434046116983,-84.7094065097402,-171.81199669753,-106.125826857932,39.0210090560839,148.981983797144,7.18033716162883,147.333425347518,-414.47519524437,122.979439375468,480.096064943007,188.853885704446,2.8421709430404e-14,4,1.61019069617352
257.5,-9.83054458768177,-84.5023700662121,-171.801561632909,-105.921017294684,38.4448977671548,149.149346115908,7.84566772345252,147.590661046451,-415.127521901978,118.016759325235,477.987164579751,181.576036771418,2.8421709430404e-14,4,1.60464086569399
258,-9.77754950272333,-84.2951059722649,-171.790204518232,-105.715857458951,37.867870096045,149.309792672666,8.50809919859705,147.83783222424,-415.794870874455,113.020694123466,475.921276670592,174.360821413363,2.8421709430404e-14,4,1.59914171203924
258.5,-9.72535649370129,-84.087623865417,-171.777929338723,-105.510361269119,37.2899048227556,149.463276897017,9.16769089608931,148.075025234306,-416.477754546041,107.990951041311,473.897781716595,167.207323824895,2.8421709430404e-14,4,1.59369302369826
259,-9.67396687798925,-83.8799334481537,-171.764739997826,-105.30454252452,36.7109800147375,149.609751805062,9.82450126626564,148.302325168194,-417.176686610268,102.927227347744,471.916062711803,160.114642710125,2.1316282072803e-14,4,1.58829459062088
259.5,-9.62338200391859,-83.6720444885108,-171.750640318401,-105.098414907164,36.1310730250503,149.749169985419,10.4785879042707,148.519815875723,-417.892182102184,97.829210174567,469.975505194233,153.081891277736,2.8421709430404e-14,4,1.58294620424836
260,-9.57360325177196,-83.4639668206783,-171.735634043907,-104.891991983457,35.5501604904763,149.88148358505,11.1300075536223,148.727579985123,-418.624757432065,92.696576382423,468.075497289214,146.108197228251,1.4210854715202e-14,4,1.57764765754021
260.5,-9.52463203477945,-83.2557103456237,-171.719724839579,-104.685287205877,34.968218329586,150.006644294902,11.7788161098301,148.92569892315,-419.374930420551,87.5289924278213,466.215429745514,139.19270273394,1.4210854715202e-14,4,1.5723987449971
261,-9.47646980011749,-83.0472850317356,-171.702916293608,-104.478313914636,34.3852217407542,150.124603335365,12.4250686240606,149.114252935167,-420.143220335135,82.326114231159,464.394695964654,132.334564411796,2.8421709430404e-14,4,1.56719926268025
261.5,-9.42911802991052,-82.8387009154873,-171.68521191831,-104.2710853393,33.8011452001239,150.235311441549,13.0688193068385,149.293321105183,-420.930147927936,77.0875870457532,462.612692023814,125.532953289981,1.4210854715202e-14,4,1.56204900822701
262,-9.38257824223555,-82.6299681021212,-171.666615151288,-104.063614600391,33.2159624595184,150.338718848378,13.7101215317747,149.462981375844,-421.736235474659,71.8130453278946,460.868816692698,118.787054768133,1.4210854715202e-14,4,1.55694778086299
262.5,-9.33685199212961,-82.4210967663539,-171.647129356597,-103.85591471096,32.6296465442962,150.4347752755,14.3490278393149,149.623310568359,-422.562006814688,66.502112607912,459.162471444736,112.096068571875,7.105427357601e-15,4,1.5518953814105
263,-9.29194087260026,-82.2120971531024,-171.626757825892,-103.647998578129,32.0421697511522,150.523429912032,14.9855899404989,149.774384402364,-423.407987392201,61.154401362281,457.49306046296,105.459208701897,1.4210854715202e-14,4,1.54689161229365
263.5,-9.24784651563924,-82.0029795782319,-171.605503779583,-103.439879004604,31.4535036458585,150.604631401112,15.6198587207256,149.916277515713,-424.274704298234,55.7695128867721,455.859990640904,98.8757033779148,2.8421709430404e-14,4,1.54193627753989
264,-9.20457059323913,-81.7937544293246,-171.583370367978,-103.231568690173,30.8636190609481,150.678327824283,16.2518842435153,150.04906348418,-425.162686313596,50.3470371706671,454.262671578833,92.3447949778136,1.4210854715202e-14,4,1.53702918277817
264.5,-9.1621148184135,-81.5844321664709,-171.560360672418,-103.023080233157,30.2724860933373,150.744466685707,16.8817157542637,150.172814841081,-426.072463952535,44.8865527720623,452.700515575624,85.8657399722763,2.8421709430404e-14,4,1.53217013523379
265,-9.12048094622021,-81.3750233230822,-171.536477706417,-102.814426131849,29.6800741018879,150.802994896201,17.5094016839824,150.287603096799,-427.00456950706,39.38762669428,451.172937616593,79.4378088551527,1.4210854715202e-14,4,1.52735894371984
265.5,-9.07967077478824,-81.1655385067263,-171.511724416784,-102.605618785925,29.0863517049065,150.853858757099,18.1349896530189,150.39349875821,-427.959537091813,33.8498142634241,449.679355357554,73.0602860698407,2.8421709430404e-14,4,1.52259541862542
266,-9.03968614634801,-80.955988399985,-171.486103684751,-102.396670497817,28.4912867775824,150.897003943956,18.758526474753,150.490571348006,-428.937902689369,28.2726590071079,448.219189105375,66.7324699319104,2.1316282072803e-14,4,1.51787937190054
266.5,-9.0005289482653,-80.7463837613351,-171.45961832709,-102.187593474071,27.8948464493604,150.932375490075,19.3800581592632,150.5788894239,-429.940204195875,22.6556925343911,446.791861795315,60.4536725481988,7.105427357601e-15,4,1.51321061703787
267,-8.96220111407888,-80.5367354260514,-171.432271097225,-101.978399826673,27.2969971012524,150.959917769867,19.9996299169596,150.658520597729,-430.966981466887,16.9984344169818,445.396798965371,54.2232197325977,1.4210854715202e-14,4,1.50858896905121
267.5,-8.92470462454189,-80.3270543071338,-171.404064686342,-101.769101574349,26.6977043630833,150.979574482058,20.6172861621798,150.72953155443,-432.018776363285,11.3003920717327,444.033428727897,48.0404509187164,2.8421709430404e-14,4,1.50401424445087
268,-8.88804150866708,-80.1173513962576,-171.37500172449,-101.559710643841,26.0969331106749,150.991288632719,21.2330705167429,150.791988070891,-433.09613279715,5.56106064450686,442.701181738715,41.9047190696264,2.1316282072803e-14,4,1.49948626121588
268.5,-8.85221384477611,-79.9076377647471,-171.345084781681,-101.350238871154,25.494647462964,150.995002518151,21.8470258134595,150.845955034679,-434.199596777457,-0.220077104543959,441.399491163957,35.8153905848461,1.4210854715202e-14,4,1.49500483876308
269,-8.81722376155272,-79.6979245645735,-171.314316368982,-101.140698002776,24.8908107790593,150.990657707595,22.4591940995939,150.891496462637,-435.329716455448,-6.04355091421116,440.127792644835,29.771845204736,1.4210854715202e-14,4,1.49056979791314
269.5,-8.7830734391002,-79.4882230293768,-171.282698939608,-100.931099696879,24.285385655235,150.978195025803,23.0696166402762,150.928675519345,-436.487042169538,-11.9099031338982,438.885524260562,23.773475912461,1.4210854715202e-14,4,1.4861809608536
270,-8.74976511000295,-79.2785444755123,-171.250234889997,-100.721455524488,23.6783339218615,150.95755453544,23.6783339218615,150.95755453544,-437.672126489617,-17.8196888336511,437.672126489617,17.8196888336514,0,4,1.48183815109871
270.5,-8.71730106039247,-79.0689003031206,-171.2169265609,-100.511776970623,23.0696166402761,150.928675519345,24.285385655235,150.978195025803,-438.885524260563,-23.7734759124615,436.487042169538,11.9099031338977,1.4210854715202e-14,4,1.4861809608536
271,-8.68568363101758,-78.859301997224,-171.182776238447,-100.302075435427,22.4591940995939,150.891496462637,24.8908107790593,150.990657707595,-440.127792644835,-29.7718452047358,435.329716455448,6.04355091421126,2.1316282072803e-14,4,1.49056979791315
271.5,-8.65491521831929,-78.6497611288464,-171.147786155224,-100.092362235253,21.8470258134595,150.845955034679,25.4946474629639,150.995002518151,-441.399491163957,-35.8153905848459,434.199596777457,0.220077104544078,1.4210854715202e-14,4,1.49500483876308
272,-8.62499827551006,-78.4402893561589,-171.111958491333,-99.8826486037424,21.2330705167429,150.791988070891,26.0969331106749,150.991288632719,-442.701181738715,-41.9047190696268,433.09613279715,-5.5610606445072,1.4210854715202e-14,4,1.49948626121588
272.5,-8.59593531365781,-78.2308984256511,-171.075295375458,-99.6729456928662,20.6172861621798,150.72953155443,26.6977043630833,150.979574482058,-444.033428727897,-48.0404509187164,432.018776363285,-11.3003920717324,4.2632564145606e-14,4,1.50401424445087
273,-8.56772890277454,-78.0216001733274,-171.037798885921,-99.4632645739486,19.9996299169596,150.658520597729,27.2969971012523,150.959917769867,-445.396798965371,-54.2232197325975,430.966981466887,-16.9984344169816,2.1316282072803e-14,4,1.50858896905121
273.5,-8.54038167290979,-77.8124065259291,-170.999471051735,-99.253616238665,19.3800581592632,150.5788894239,27.8948464493604,150.932375490075,-446.791861795315,-60.4536725481985,429.940204195875,-22.655692534391,1.4210854715202e-14,4,1.51321061703787
274,-8.51389631524894,-77.6033295021829,-170.960313853652,-99.044011600015,18.758526474753,150.490571348006,28.4912867775824,150.897003943956,-448.219189105375,-66.7324699319102,428.937902689369,-28.2726590071076,3.5527136788005e-14,4,1.51787937190054
274.5,-8.4882755832163,-77.3943812140746,-170.920329225212,-98.8344614932737,18.1349896530189,150.39349875821,29.0863517049066,150.853858757099,-449.679355357554,-73.0602860698409,427.959537091813,-33.8498142634246,1.4210854715202e-14,4,1.52259541862542
275,-8.46352229358339,-77.1855738681506,-170.87951905378,-98.6249766769178,17.5094016839824,150.287603096799,29.6800741018879,150.802994896201,-451.172937616593,-79.4378088551524,427.004569507061,-39.3876266942799,1.4210854715202e-14,4,1.52735894371984
275.5,-8.43963932758199,-76.9769197668435,-170.837885181587,-98.4155678335291,16.8817157542637,150.172814841081,30.2724860933373,150.744466685707,-452.700515575623,-85.865739972276,426.072463952535,-44.8865527720621,1.4210854715202e-14,4,1.53217013523379
276,-8.41662963202248,-76.7684313098271,-170.795429406761,-98.2062455706754,16.2518842435153,150.04906348418,30.863619060948,150.678327824283,-454.262671578833,-92.3447949778134,425.162686313596,-50.3470371706669,1.4210854715202e-14,4,1.53702918277817
276.5,-8.39449622041709,-76.5601209953955,-170.752153484361,-97.9970204217681,15.6198587207256,149.916277515713,31.4535036458586,150.604631401112,-455.859990640904,-98.8757033779146,424.274704298234,-55.7695128867721,2.8421709430404e-14,4,1.54193627753989
277,-8.3732421741085,-76.3520014218714,-170.7080591274,-97.7879028468976,14.9855899404989,149.774384402364,32.0421697511523,150.523429912032,-457.49306046296,-105.459208701897,423.407987392201,-61.1544013622812,0,4,1.54689161229365
277.5,-8.35287064340346,-76.1440852890396,-170.66314800787,-97.5789032336461,14.3490278393149,149.623310568359,32.6296465442962,150.4347752755,-459.162471444736,-112.096068571874,422.562006814688,-66.5021126079117,7.105427357601e-15,4,1.5518953814105
278,-8.3333848487117,-75.9363853996086,-170.617421757764,-97.3700318978788,13.7101215317747,149.462981375844,33.2159624595183,150.338718848377,-460.868816692698,-118.787054768133,421.736235474659,-71.8130453278944,2.1316282072803e-14,4,1.55694778086299
278.5,-8.31478808169008,-75.7289146606999,-170.570881970089,-97.1612990845127,13.0688193068384,149.293321105183,33.8011452001239,150.235311441549,-462.612692023814,-125.532953289982,420.930147927936,-77.0875870457535,1.4210854715202e-14,4,1.56204900822701
279,-8.29708370639182,-75.5216860853636,-170.523530199883,-96.9527149682644,12.4250686240606,149.114252935167,34.3852217407541,150.124603335365,-464.394695964654,-132.334564411795,420.143220335135,-82.3261142311587,2.1316282072803e-14,4,1.56719926268025
279.5,-8.28027516042118,-75.3147127941226,-170.475367965221,-96.7442896543763,11.77881610983,148.92569892315,34.9682183295861,150.006644294902,-466.215429745514,-139.19270273394,419.374930420551,-87.5289924278218,2.1316282072803e-14,4,1.5723987449971
280,-8.2643659560932,-75.1080080165435,-170.426396748228,-96.5360331793217,11.1300075536223,148.727579985123,35.5501604904763,149.88148358505,-468.075497289214,-146.108197228251,418.624757432065,-92.696576382423,2.8421709430404e-14,4,1.57764765754021
280.5,-8.24935968159862,-74.9015850928361,-170.376617996081,-96.3279555114892,10.4785879042708,148.519815875723,36.1310730250503,149.749169985419,-469.975505194233,-153.081891277736,417.892182102184,-97.8292101745667,2.8421709430404e-14,4,1.58294620424836
281,-8.23526000217411,-74.6954574754804,-170.326033122011,-96.1200665518463,9.82450126626559,148.302325168194,36.7109800147375,149.609751805062,-471.916062711803,-160.114642710125,417.176686610268,-102.927227347745,2.1316282072803e-14,4,1.58829459062088
281.5,-8.22207066127742,-74.4896387308808,-170.274643506299,-95.912376134583,9.16769089608939,148.075025234306,37.2899048227556,149.463276897017,-473.897781716594,-167.207323824895,416.477754546041,-107.990951041311,2.8421709430404e-14,4,1.59369302369826
282,-8.20979548176775,-74.2841425410493,-170.222450497277,-95.7048940277351,8.50809919859711,147.83783222424,37.867870096045,149.309792672666,-475.921276670592,-174.360821413363,415.794870874455,-113.020694123466,2.8421709430404e-14,4,1.59914171203924
282.5,-8.19843836709105,-74.0789827053161,-170.169455412318,-95.4976299337879,7.84566772345256,147.590661046451,38.4448977671548,149.149346115908,-477.987164579751,-181.576036771417,415.127521901978,-118.016759325235,1.4210854715202e-14,4,1.60464086569399
283,-8.18800330247018,-73.8741731420677,-170.11565953883,-95.2905934902598,7.18033716162885,147.333425347518,39.0210090560839,148.981983797144,-480.096064943007,-188.853885704446,414.47519524437,-122.979439375468,1.4210854715202e-14,4,1.61019069617352
283.5,-8.17849435609994,-73.6697278905142,-170.061064135241,-95.0837942702673,6.51204734198673,147.066037491993,39.5962244720779,148.807751887071,-482.248599693193,-196.195298523974,413.837379796022,-127.909017136833,2.8421709430404e-14,4,1.61579141641518
284,-8.1699156803468,-73.4656611124835,-170.005670431986,-94.8772417830708,5.84073722793962,146.788408542262,40.1705638153842,148.626696170299,-484.445393129396,-203.601220035535,413.213565700912,-132.805765742837,2.8421709430404e-14,4,1.62144324074423
284.5,-8.16227151295316,-73.2619870942438,-169.949479632493,-94.6709454746011,5.16634491421938,146.500448238427,40.744046178969,148.438862058757,-486.687071840278,-211.072609517227,412.603244325232,-137.669948735856,1.4210854715202e-14,4,1.62714638483128
285,-8.155566178246,-73.0587202483541,-169.89249291416,-94.4649147279682,4.48880762375538,146.202064978228,41.3166899501965,148.244294604927,-488.974264617844,-218.610440688418,412.005908231757,-142.5018202062,2.8421709430404e-14,4,1.63290106564571
285.5,-8.14980408834984,-72.8558751155426,-169.834711429337,-94.2591588639509,3.80806170467952,145.89316579701,41.8885128124737,148.043038514869,-491.307602361152,-226.215701668012,411.421051155995,-147.301624932208,7.105427357601e-15,4,1.63870750140478
286,-8.14498974440374,-72.653466366613,-169.776136306303,-94.0536871414699,3.12404262747332,145.573656347762,42.4595317468642,147.835138161058,-493.687717969404,-233.889394921672,410.848167984166,-152.06959852139,1.4210854715202e-14,4,1.64456591151852
286.5,-8.14112773778212,-72.4515088043775,-169.716768650237,-93.8485087580415,2.4366849822702,145.243440881233,43.0297630336721,147.620637595023,-496.115246223853,-241.632537197356,410.286754733074,-156.805967552624,1.4210854715202e-14,4,1.65047651653017
287,-8.13822275131929,-72.250017365619,-169.656609544192,-93.6436328502149,1.74592247633026,144.902422226147,43.5992222539993,147.399580559788,-498.590823657948,-249.446159448494,409.736308531891,-161.510949719416,1.4210854715202e-14,4,1.65643953805217
287.5,-8.13627956053727,-72.0490071230793,-169.595660050068,-93.4390684939925,1.05168793170433,144.550501769535,44.1679242912788,147.172010502111,-501.115088415083,-257.331306744104,409.196327605918,-166.184753974236,2.8421709430404e-14,4,1.66245519869754
288,-8.13530303487675,-71.8484932874751,-169.533921209574,-93.2348247052326,0.353913283104031,144.1875794372,44.7358833327873,146.937970584523,-503.688680093325,-265.289038165103,408.666311262337,-170.827580673933,1.4210854715202e-14,4,1.66852372200657
288.5,-8.13529813893088,-71.648491209541,-169.471394045199,-93.030910440036,-0.347470424003066,143.813553674335,45.303112871139,146.697503697169,-506.312239576451,-273.320426686044,408.145759878016,-175.439621726266,2.8421709430404e-14,4,1.67464533236867
289,-8.13626993368148,-71.4490163820994,-169.408079561173,-92.8273345951164,-1.05253303505315,143.428321426321,45.8696257057636,146.450652469436,-508.986408850599,-281.426559041457,407.634174889372,-180.021060737513,1.4210854715202e-14,4,1.68082025493934
289.5,-8.13822357773746,-71.2500844421565,-169.34397874443,-92.6241060081544,-1.76134528778159,143.031778119715,46.4354339443728,146.19745928138,-511.711830805821,-289.608535575956,407.131058784339,-184.572073161229,1.4210854715202e-14,4,1.68704871555201
290,-8.14116432857486,-71.0517111730251,-169.279092565567,-92.4212334581361,-2.47397881333113,142.62381764346,47.0005490044157,145.937966274949,-514.489149021781,-297.86747007721,406.635915096469,-189.092826448102,2.8421709430404e-14,4,1.6933309406248
290.5,-8.14509754377836,-70.853912506473,-169.213421979801,-92.218725665676,-3.19050613705136,142.204332330344,47.5649816145286,145.672215364988,-517.319007536825,-306.20448959085,406.148248401174,-193.583480196969,1.4210854715202e-14,4,1.69966715706189
291,-8.15002868228352,-70.6567045248971,-169.146967927927,-92.0165912933251,-3.91100067896563,141.773212938724,48.1287418159808,145.400248250044,-520.202050599615,-314.620734216347,405.667564314144,-198.044186306965,2.8421709430404e-14,4,1.70605759214942
291.5,-8.15596330561954,-70.4601034635223,-169.07973133727,-91.8148389458637,-4.6355367538796,141.330348634548,48.6918389641189,145.12210642295,-523.138922402486,-323.117356882816,405.193369491961,-202.475089130825,1.4210854715202e-14,4,1.71250247344591
292,-8.16290707915194,-70.2641257126263,-169.011713122638,-91.6134771705801,-5.36418957110761,140.875626973705,49.254281729815,144.837831181201,-526.130266795652,-331.695523103714,404.72517163491,-206.876325629353,1.4210854715202e-14,4,1.71900202866677
292.5,-8.17086577332433,-70.0687878197867,-168.942914187267,-91.4125144575346,-6.09703523378656,140.408933884731,49.8160781009191,144.547463637111,-529.17672698135,-340.356410709286,404.262479492015,-211.248025527048,0,4,1.72555648556303
293,-8.1798452648993,-69.8741064921541,-168.873335423777,-91.2119592398102,-6.83415073775208,139.930153651897,50.3772353837205,144.251044727758,-532.278945186998,-349.101209555625,403.804802868306,-215.590311468906,1.4210854715202e-14,4,1.73216607179395
293.5,-8.18985153819707,-69.6800985987465,-168.802977715109,-91.0118198937485,-7.57561396994494,139.43916889873,50.9377602044209,143.948615224701,-535.437562316359,-357.931121209115,403.351652634313,-219.903299178391,4.2632564145606e-14,4,1.7388310147934
294,-8.20089068633185,-69.4867811727675,-168.731841935474,-90.8121047391736,-8.32150370631677,138.935860571976,51.4976585106219,143.64021574349,-538.653217577734,-366.84735860499,402.902540737816,-224.187097616584,2.8421709430404e-14,4,1.74555154162984
294.5,-8.21296891244474,-69.2941714139457,-168.659928951293,-90.6128220396021,-9.07189960920372,138.420107926066,52.0569355728312,143.325886752941,-541.926548088095,-375.851145678703,402.456980217825,-228.441809142506,1.4210854715202e-14,4,1.7523278788597
295,-8.22609253093275,-69.1022866908962,-168.587239622135,-90.4139800024404,-9.82688222413198,137.89178850811,52.6155959859887,143.005668584198,-545.258188452093,-384.943716968708,402.014485220808,-232.667529674607,1.4210854715202e-14,4,1.759160252374
295.5,-8.24026796867278,-68.9111445435014,-168.513774801658,-90.21558677917,-10.5865329760211,137.350778143465,53.1736436710173,142.679601439562,-548.648770314794,-394.126317189239,401.574571019162,-236.86434885344,1.4210854715202e-14,4,1.76604888723795
296,-8.25550176624014,-68.7207626853119,-168.439535338539,-90.0176504655204,-11.3509341647474,136.796950921911,53.731081876401,142.3477254011,-552.098921886978,-403.400200771582,401.136754031906,-241.032350205484,0,4,1.77299400752349
296.5,-8.27180057912012,-68.531159005967,-168.364522077409,-89.82017910163,-12.1201689600274,136.230179184503,54.2879131797926,142.010080439018,-555.609267441771,-412.766631372268,400.700551847606,-245.171611308137,1.4210854715202e-14,4,1.77999583613432
297,-8.28917117891229,-68.3423515736313,-168.288735859785,-89.6231806721962,-12.8943213955822,135.650333511108,54.8441394896561,141.666706419812,-559.180426781374,-422.226881346602,400.265483249506,-249.282203955847,4.2632564145606e-14,4,1.78705459462344
297.5,-8.30762045452594,-68.1543586374498,-168.212177524998,-89.4266631066136,-13.6734763625401,135.057282708719,55.3997620469439,141.317643114184,-562.813014672555,-431.782231185809,399.831068242861,-253.364194327392,1.4210854715202e-14,4,1.79417050300286
298,-8.32715541336586,-67.9671986300173,-168.134847911116,-89.2306342791018,-14.4577196020312,134.450893800563,55.9547814268147,140.962930204722,-566.507640249577,-441.433968916052,399.396828084442,-257.417643154273,1.4210854715202e-14,4,1.80134377954526
298.5,-8.34778318250734,-67.7808901698631,-168.05674785587,-89.0351020088225,-15.2471376969312,133.83103201608,56.5091975403934,140.602607293348,-570.264906383157,-451.183389457519,398.962285314203,-261.442605890224,2.8421709430404e-14,4,1.80857464057741
299,-8.36951100985894,-67.5954520639492,-167.977878197575,-88.8400740599866,-16.0418180627028,133.197560781811,57.0630096365764,140.236713908536,-574.085409014001,-461.031793941646,398.526963789083,-265.439132881808,2.8421709430404e-14,4,1.81586330026505
299.5,-8.39234626531196,-67.4109033101793,-167.898239776049,-88.6455581419513,-16.8418489372865,132.550341713278,57.6162163038855,139.865289512276,-577.969736449434,-470.980488984549,398.090388718923,-269.407269540085,2.8421709430404e-14,4,1.82320997038911
300,-8.41629644187523,-67.2272630999197,-167.817833433526,-88.4515619093078,-17.647319369989,131.889234607892,58.1688154723734,139.488373506819,-581.918468621587,-481.030785914605,397.652086704452,-273.347056513329,1.4210854715202e-14,4,1.83061486011279
300.5,-8.44136915679361,-67.0445508205289,-167.736660015572,-88.2580929619595,-18.4583192093114,131.214097438975,58.7208044155823,139.106005241164,-585.932176305516,-491.183999952053,397.211585777332,-277.258529860765,2.8421709430404e-14,4,1.83807817573954
301,-8.46757215264891,-66.8627860578939,-167.654720371994,-88.065158845192,-19.2749390896653,130.524786350952,59.2721797525611,138.718224017316,-590.011420295652,-501.441449338443,396.768415442219,-281.141721227303,2.8421709430404e-14,4,1.84560012046137
301.5,-8.49491329844162,-66.6819885989734,-167.572015357749,-87.8727670497336,-20.0972704169128,129.821155655789,59.8229374499411,138.325069096292,-594.156750538841,-511.804454413635,396.322106720794,-284.996658019236,2.8421709430404e-14,4,1.85318089409746
302,-8.5234005906514,-66.5021784343448,-167.488545833847,-87.6809250118089,-20.9254053526732,129.103057830754,60.3730728240747,137.926579703884,-598.368705222254,-522.274336638002,395.872192197743,-288.823363580869,1.4210854715202e-14,4,1.86082069282267
302.5,-8.55304215427537,-66.3233757607524,-167.404312668253,-87.4896401131832,-21.7594367973292,128.370343517569,60.9225805432397,137.522795036181,-602.647809814351,-532.852417557398,395.418206068627,-292.621857372046,2.8421709430404e-14,4,1.86851970888567
303,-8.58384624384135,-66.1456009836572,-167.319316736788,-87.2989196812006,-22.5994583716682,127.622861523047,61.4714546299103,137.113754264841,-606.994576057045,-543.540017708335,394.959684189601,-296.392155146534,2.8421709430404e-14,4,1.87627813031638
303.5,-8.61582124439501,-65.9688747197838,-167.233558924018,-87.1087709888137,-23.4455643970882,126.860458821289,62.0196884630995,136.699496542107,-611.409500907148,-554.338455460817,394.496164128951,-300.134269131227,1.4210854715202e-14,4,1.88409614062259
304,-8.64897567245823,-65.7932177996634,-167.147040124156,-86.9192012546083,-24.2978498742976,126.082980557536,62.5672747807738,136.280061005589,-615.893065425142,-565.249045796056,394.02718522036,-303.848208206119,2.8421709430404e-14,4,1.89197391847515
304.5,-8.68331817695689,-65.6186512701701,-167.05976124194,-86.7302176428196,-25.1564104604336,125.29027005376,63.1142056823429,135.855486782783,-620.445733609256,-576.273099016342,393.5522886179,-307.53397808501,2.8421709430404e-14,4,1.89991163738172
305,-8.7188575401158,-65.4451963970482,-166.971723193525,-86.5418272633435,-26.021342444523,124.482168816103,63.6604726312276,135.425812995341,-625.06795117276,-587.411919384168,393.071017352648,-311.191581496891,2.8421709430404e-14,4,1.90790946534857
305.5,-8.75560267831822,-65.2728746674283,-166.882926907363,-86.3540371717421,-26.8927427212019,123.658516544251,64.2060664575063,134.991078763094,-629.760144262368,-598.666803687623,392.582916390899,-314.82101836795,2.8421709430404e-14,4,1.91596756453017
306,-8.79356264292769,-65.1017077923281,-166.793373325079,-86.1668543692438,-27.7707087626162,122.819151142855,64.7509773606449,134.551323207816,-634.522718115556,-610.039039729031,392.087532693901,-318.422286004161,2.8421709430404e-14,4,1.92408609086629
306.5,-8.83274662106955,-64.9317177091368,-166.703063402348,-85.9802858027372,-28.6553385884111,121.963908735109,65.2951949123095,134.106585456736,-639.356055654561,-621.529904733658,391.584415279053,-321.995379274381,1.4210854715202e-14,4,1.93226519370615
307,-8.87316393636932,-64.7629265840781,-166.61199810976,-85.7943383647622,-29.5467307337238,121.092623678593,65.8387080592652,133.656904645795,-644.260516014782,-633.14066367525,391.073115282495,-325.540290793909,2.8421709430404e-14,4,1.94050501541945
307.5,-8.91482404964527,-64.5953568146504,-166.520178433692,-85.6090188934955,-30.4449842150854,120.205128583499,66.3815051263637,133.202319922652,-649.23643300524,-644.872567515084,390.55318602303,-329.057011108439,1.4210854715202e-14,4,1.94880569099374
308,-8.95773655955202,-64.4290310320397,-166.427605377165,-85.424334172732,-31.350198494135,119.301254333371,66.9235738196193,132.742870449424,-654.284113498718,-656.726851351085,390.024183067306,-332.545528878342,2.1316282072803e-14,4,1.95716734761797
308.5,-9.00191120317235,-64.2639721035017,-166.334279960704,-85.2402909318636,-32.2624734390491,118.380830108474,67.4649012293771,132.278595405181,-659.403835749137,-668.70473247352,389.485664296171,-336.005831063213,2.8421709430404e-14,4,1.96559010425174
309,-9.04735785655349,-64.1002031347091,-166.240203223188,-85.0568958458535,-33.1819092835806,117.443683411935,68.0054738335742,131.809533988182,-664.595847633706,-680.807408323646,388.937189972149,-339.437903106606,2.8421709430404e-14,4,1.97407407117991
309.5,-9.09408653518519,-63.9377474720624,-166.145376222701,-84.8741555352085,-34.1086065836039,116.489640098786,68.5452775010942,131.335725417844,-669.860364817307,-693.036054351628,388.378322807944,-342.8417291209,2.8421709430404e-14,4,1.98261934955232
310,-9.14210739441529,-63.7766287049555,-166.049800037376,-84.6920765659483,-35.0426661710543,115.518524408053,69.0842974952193,130.857208936471,-675.197568836577,-705.391821769965,387.808628035891,-346.217292072202,1.4210854715202e-14,4,1.99122603090807
310.5,-9.19143072979959,-63.6168706679973,-165.95347576623,-84.5106654495725,-35.9841891051493,114.530158998046,69.622518477178,130.374023810714,-680.607605101066,-717.875835198536,387.227673478288,-349.56457396522,1.4210854715202e-14,4,1.99989419668414
311,-9.24206697738213,-63.45849744318,-165.85640453,-84.3299286430264,-36.9332766207745,113.52436498499,70.1599245097917,129.886209332777,-686.090580808859,-730.489190197359,386.635029618505,-352.883556028037,2.8421709430404e-14,4,2.00862391770796
311.5,-9.29402671390146,-63.3015333619919,-165.758587471972,-84.1498725486641,-37.890030073914,112.500961985168,70.6964990612204,129.393804821368,-691.646562774004,-743.23295068303,386.030269672798,-356.174218896683,2.8421709430404e-14,4,2.01741525367351
312,-9.34732065691931,-63.1460030074701,-165.660025758804,-83.9705035142117,-38.8545508840002,111.459768160734,71.2322250088086,128.896849622396,-697.275575163052,-756.10814622475,385.412969662743,-359.436542799436,1.4210854715202e-14,4,2.02626825260059
312.5,-9.40195966486674,-62.9919312161852,-165.560720581343,-83.7918278327292,-39.8269404730555,110.400600269365,71.7670846430323,128.395383109407,-702.977597138027,-769.115769215803,384.78270848819,-362.670507740765,1.4210854715202e-14,4,2.035182950277
313,-9.45795473700357,-62.8393430801556,-165.460673155437,-83.6138517425715,-40.8073002014933,109.323273717935,72.3010596715472,127.889444683765,-708.752560403101,-782.256771916248,384.13906800065,-365.876093684828,1.4210854715202e-14,4,2.04415936968309
313.5,-9.51531701328625,-62.688263948684,-165.359884722745,-83.4365814273504,-41.7957313004434,108.227602620388,72.8341312233399,127.379073774588,-714.600346652272,-795.532063362564,383.481633077031,-369.053280738427,1.4210854715202e-14,4,2.0531975203984
314,-9.57405777413918,-62.5387194301101,-165.258356551531,-83.2600230158958,-42.7923348004629,107.113399859988,73.3662798529808,126.864309838416,-720.520784915323,-808.94250613993,382.809991693615,-372.202049333343,2.1316282072803e-14,4,2.06229739799014
314.5,-9.63418844012449,-62.3907353934743,-165.156089937467,-83.084182582218,-43.7972114564876,105.980477156169,73.8974855449804,126.345192358636,-726.513648799349,-822.488913012753,382.123735000197,-375.322380407946,1.4210854715202e-14,4,2.07145898338291
315,-9.69572057150486,-62.2443379700848,-165.053086204415,-82.9090661454713,-44.8104616688785,104.828645136146,74.4277277182484,125.821760844655,-732.578653623201,-836.172043409084,381.422457394278,-378.414255587998,1.4210854715202e-14,4,2.08068224220953
315.5,-9.75866586769388,-62.099553554982,-164.949346705214,-82.7346796699183,-45.832185400413,103.657713411525,74.956985230656,125.294054830816,-738.715453442155,-849.992599754487,380.705756595213,-381.47765736654,1.4210854715202e-14,4,2.08996712414254
316,-9.82303616658824,-61.9564088082929,-164.844872822451,-82.5610290648962,-46.8624820890652,102.46749066011,75.485236383701,124.762113875073,-744.923637960216,-863.951223650925,379.973233718232,-384.512569282778,1.4210854715202e-14,4,2.09931356220597
316.5,-9.88884344377574,-61.814930656468,-164.739665969237,-82.3881201847851,-47.9014505564188,101.257784713121,76.0124589272756,124.225977557413,-751.202729327489,-878.048491896272,379.22449334821,-387.518976099864,1.4210854715202e-14,4,2.10872147206723
317,-9.95609981161297,-61.6751462933936,-164.633727589963,-82.2159588289785,-48.94918891155,100.028402648065,76.5386300645361,123.685685478031,-757.552178820121,-892.284912340009,378.459143613109,-390.496863981474,1.4210854715202e-14,4,2.11819075130864
317.5,-10.0248175181662,-61.5370831813702,-164.527059161061,-82.0445507418572,-50.0057944502168,98.7791508874649,77.0637264568749,123.141277255267,-763.971363400385,-906.66091957074,377.676796256976,-393.446220667084,4.2632564145606e-14,4,2.1277212786783
318,-10.0950089460092,-61.4007690519508,-164.41966219175,-81.8739016127647,-51.0713635491863,97.5098353037126,77.5877242289935,122.592792523294,-770.45958215461,-921.176870431216,376.877066712402,-396.367035645848,4.2632564145606e-14,4,2.13731291332019
318.5,-10.1666866108702,-61.266231906628,-164.311538224781,-81.7040170759879,-52.1459915555273,96.2202613302614,78.1105989740746,122.040270929568,-777.016052606706,-935.83303935655,376.059574172338,-399.259300328965,2.1316282072803e-14,4,2.14696549398296
319,-10.2398631601223,-61.1335000173625,-164.202688837166,-81.53490271074,-53.2297726706971,94.9102340794237,78.632325759055,121.483752132041,-783.639906905227,-950.629613531512,375.223941661165,-402.123008220447,2.8421709430404e-14,4,2.1566788382074
319.5,-10.3145513711082,-61.0026019269441,-164.093115640911,-81.3665640411482,-54.3227998292414,93.5795584670231,79.1528791299957,120.923275796135,-790.330187882019,-965.566687862755,374.36979610492,-404.958155086175,2.8421709430404e-14,4,2.16645274149214
320,-10.3907641492938,-60.8735664491731,-163.982820283734,-81.1990065362455,-55.4251645719315,92.2280393441581,79.6722331175488,120.358881591485,-797.085844980687,-980.644259762085,373.496768400569,-407.764739121153,1.4210854715202e-14,4,2.17628697643758
320.5,-10.4685145262404,-60.7464226688549,-163.871804449773,-81.0322356099673,-56.5369569131558,90.8554816363452,80.1903612425209,119.790609188453,-803.905730053291,-995.862223736947,372.604493484231,-410.542761114844,1.4210854715202e-14,4,2.18618129186762
321,-10.5478156573897,-60.6211999415956,-163.760069860296,-80.866256621153,-57.6582652023777,89.4616904903136,80.7072365215288,119.218498254403,-810.788593023911,-1011.22036578452,371.692610398242,-413.292224614495,1.4210854715202e-14,4,2.19613541192927
321.5,-10.6286808196513,-60.497927893388,-163.647618274394,-80.7010748735524,-58.7891759794827,88.0464714287199,81.2228314727491,118.642588449769,-817.733077417934,-1026.71835758602,370.760762356971,-416.013136086353,4.2632564145606e-14,4,2.20614903516981
322,-10.7111234087854,-60.3766364199777,-163.534451489671,-80.5366956158391,-59.9297738238174,86.609630513071,81.7371181217575,118.062919423881,-824.737715756213,-1042.35575049805,369.808596811269,-418.70550507466,2.8421709430404e-14,4,2.21622183359151
322.5,-10.7951569365715,-60.2573556859962,-163.42057134292,-80.3731240416281,-61.0801411967405,85.1509745151329,82.2500680074566,117.479530810588,-831.800924813503,-1058.13196933812,368.835765511469,-421.369344358329,2.8421709430404e-14,4,2.22635345168379
323,-10.880795027753,-60.1401161238505,-163.305979710802,-80.2103652895008,-62.2403582774926,83.6703110971152,82.7616521880902,116.892462223652,-838.921000740939,-1074.04630596169,367.84192456882,-424.004670105218,2.8421709430404e-14,4,2.23654350543284
323.5,-10.9680514167504,-60.0249484323563,-163.190678510503,-80.0484244430364,-63.4105027921983,82.1674490009227,83.2718412473422,116.30175325194,-846.096114052643,-1090.09791262864,366.826734515271,-426.611502023873,2.8421709430404e-14,4,2.24679158130861
324,-11.0569399441308,-59.9118835751014,-163.074669700389,-79.8873065308494,-64.5906498358091,80.6421982467684,83.7806053005162,115.7074434544,-853.324304476962,-1106.28579515712,365.789860361488,-429.189863512667,1.4210854715202e-14,4,2.25709723522939
324.5,-11.1474745528257,-59.8009527785264,-162.957955280657,-79.7270165266356,-65.7808716868045,79.0943703414416,84.2879140007964,115.109572354834,-860.603475673262,-1122.60880586363,364.730971653034,-431.739781806236,2.1316282072803e-14,4,2.26745999150392
325,-11.2396692840865,-59.6921875297104,-162.84053729397,-79.5675593492236,-66.9812376144601,77.5237784965333,84.7937365455826,114.508179436474,-867.931389815632,-1139.06563628817,363.649742524588,-434.261288119102,2.8421709430404e-14,4,2.27787934175128
325.5,-11.3335382731669,-59.5856195738449,-162.722417826083,-79.4089398626361,-68.191813678504,75.9302378569114,85.2980416829016,113.90330413635,-875.305662045414,-1155.65480970413,362.545851752129,-436.754417786401,2.1316282072803e-14,4,2.28835474379873
326,-11.429095744721,-59.4812809113848,-162.603599006466,-79.2511628761573,-69.4126625209767,74.3135657397522,85.8007977178874,113.294985839474,-882.723754794966,-1172.37467341316,361.418982802982,-439.219210401631,1.4210854715202e-14,4,2.29888562055781
326.5,-11.5263560079081,-59.3792037948583,-162.484083008913,-79.0942331444096,-70.6438431501205,72.6735818844196,86.3019725193313,112.683263872834,-890.182971985691,-1189.22339082575,360.268823883644,-441.655709951309,1.4210854715202e-14,4,2.30947135887897
327,-11.6253334511904,-59.2794207253235,-162.363872052144,-78.9381553674386,-71.8854107161266,71.0101087134915,86.8015335262957,112.068177499197,-897.680453103986,-1206.19893332907,359.095067985291,-444.063964946474,2.8421709430404e-14,4,2.32011130838523
327.5,-11.7260425368144,-59.1819644484529,-162.242968400397,-78.7829341908064,-73.1374162785688,69.3229716052301,87.2994477547893,111.449765910738,-905.21316715944,-1223.29907194428,357.897412926882,-446.444028550929,2.1316282072803e-14,4,2.33080478028519
328,-11.8284977949629,-59.0868679502335,-162.121374364012,-78.6285742056944,-74.399906565371,67.6119991777797,87.7956818045017,110.828068222487,-912.777906530374,-1240.5213687764,356.675561395787,-448.795958706158,1.4210854715202e-14,4,2.3415510461661
328.5,-11.9327138175665,-58.9941644522614,-161.999092300003,-78.4750799490151,-75.6729237231483,65.8770235853856,88.2902018655908,110.203123465617,-920.371280702569,-1257.8631682607,355.429220985838,-451.119818252819,1.4210854715202e-14,4,2.35234933676755
329,-12.0387052517624,-58.9038874066189,-161.876124612621,-78.322455903533,-76.9565050587839,64.1178808269057,88.782973725523,109.574970580545,-927.989709907901,-1275.32158821058,354.15810423273,-453.415675048752,2.1316282072803e-14,4,2.36319884073645
329.5,-12.1464867929877,-58.8160704903124,-161.752473753912,-78.170706497996,-78.2506827721047,62.3344110668926,89.2739627759596,108.943648409896,-935.629418670476,-1292.89351067266,352.861928646705,-455.68360208341,2.1316282072803e-14,4,2.37409870336415
330,-12.2560731776956,-58.7307475992567,-161.628142224259,-78.0198361072759,-79.555483679534,60.5264589695059,89.763134019687,108.309195691289,-943.286429268816,-1310.57557259643,351.54041674243,-457.923677588658,1.4210854715202e-14,4,2.38504802530671
330.5,-12.367479175681,-58.647952841786,-161.503132572919,-77.8698490525196,-80.870928928611,58.6938740455068,90.2504520775864,107.671651049988,-950.956555123695,-1328.3641563264,350.193296065994,-460.135985145856,2.8421709430404e-14,4,2.39604586128907
331,-12.480719582004,-58.5677205316742,-161.377447398547,-77.7207496013098,-82.1970337032815,56.8365110125775,90.735881195639,107.031052991393,-958.635394122242,-1346.25537992636,348.820299218979,-462.320613789173,2.8421709430404e-14,4,2.4070912187945
331.5,-12.5958092084963,-58.4900851806443,-161.251089349713,-77.5725419678374,-83.5338069198781,54.9542301691884,91.2193852519621,106.387439893405,-966.318321890125,-1364.24508734652,347.421163879504,-464.477658105054,2.8421709430404e-14,4,2.41818305674038
332,-12.7127628748403,-58.4150814903504,-161.124061125408,-77.4252303130837,-84.8812509137297,53.0468977822237,91.7009277638736,105.74084999864,-974.000485024806,-1382.32883844584,345.995632820202,-466.607218327796,2.8421709430404e-14,4,2.42932028414175
332.5,-12.8315953992057,-58.3427443438107,-160.99636547554,-77.2788187450136,-86.2393611163508,51.1143864885586,92.1804718949773,105.091321406528,-981.676794304102,-1400.50189888327,344.543453923073,-468.709400431167,2.8421709430404e-14,4,2.44050175876402
333,-12.9523215884306,-58.2731087962732,-160.868005201419,-77.1333113187803,-87.608125723193,49.1565757107591,92.6579804622683,104.438892065274,-989.341917885678,-1418.75922989323,343.064380191128,-470.784316216023,1.4210854715202e-14,4,2.45172628576649
333.5,-13.0749562277359,-58.2062100654944,-160.738983156235,-76.9887120369409,-88.987525351953,47.1733520870509,93.1334159432519,103.783599763709,-996.990274514439,-1437.09547796251,341.558169756804,-472.83208339387,2.1316282072803e-14,4,2.46299261633838
334,-13.1995140699578,-58.1420835214102,-160.609302245526,-76.8450248496835,-90.3775326914629,45.1646099156862,93.6067404830712,103.125482123026,-1004.61602675626,-1455.50496442739,340.024585887075,-474.852825666318,1.4210854715202e-14,4,2.47429944632926
334.5,-13.3260098242857,-58.0807646751808,-160.47896542763,-76.7022536550657,-91.7781121412136,43.1302516138005,94.0779159016404,102.464576588406,-1012.21307427808,-1473.98167501174,338.463396985226,-476.846672800417,2.8421709430404e-14,4,2.48564541487591
335,-13.4544581444944,-58.0222891675866,-160.347975714137,-76.5604022992652,-93.1892194415874,41.0701881908293,94.5469037007778,101.800920420544,-1019.77504719584,-1492.51924932878,336.874376589235,-478.813760699796,1.4210854715202e-14,4,2.49702910302767
335.5,-13.5848736166546,-57.9666927567576,-160.216336170321,-76.4194745768415,-94.6108012949146,38.9843397365156,95.013665071334,101.134550687081,-1027.29529951358,-1511.11097037138,335.257303366739,-480.754231471603,5.6843418860808e-14,4,2.5084490323728
336,-13.7172707463121,-57.9140113052145,-160.084049915573,-76.2794742310106,-96.0427949774939,36.8726359235063,95.4781609003114,100.46550425394,-1034.76690267855,-1529.74975401782,333.611961106528,-482.668233489213,2.8421709430404e-14,4,2.51990366366813
336.5,-13.8516639451215,-57.8642807662017,-159.951120123812,-76.140404953931,-97.4851279427575,34.7350165244988,95.9403517779681,99.7938177765869,-1042.18263927908,-1548.42813858208,331.938138706554,-484.555921450669,2.8421709430404e-14,4,2.53139139547482
337,-13.9880675169227,-57.8175371692919,-159.817550023895,-76.0022703870018,-98.9377174157994,32.5714319438486,96.4001980049048,99.1195276912037,-1049.53499691364,-1567.1382744405,330.235630158409,-486.417456432842,2.8421709430404e-14,4,2.5429105628029
337.5,-14.1264956432485,-57.7738166052423,-159.683342900013,-75.865074121174,-100.400469979525,30.3818437635154,96.8576595991255,98.4426702057963,-1056.81616226166,-1585.87191376835,328.504234528262,-488.253005941299,1.4210854715202e-14,4,2.55445943576779
338,-14.2669623682513,-57.7331552100832,-159.548502092083,-75.7288196972732,-101.873281152721,28.1662253031637,97.3126963030706,97.763281291233,-1064.01801538816,-1604.62040042312,326.743755934226,-490.062743955862,2.8421709430404e-14,4,2.56603621826178
338.5,-14.4094815830394,-57.695589148418,-159.413030996119,-75.5935106063353,-103.356034960406,25.9245621941912,97.7652675906157,97.0813966722231,-1071.13212431663,-1623.37466001339,324.954003520133,-491.846850971852,1.4210854715202e-14,4,2.57763904664394
339,-14.5540670094104,-57.6611545959178,-159.276933064607,-75.459150289955,-104.848603496839,23.6568529673987,98.2153326740313,96.3970518182419,-1078.14973990634,-1642.12519019487,323.134791425719,-493.605514037018,1.4210854715202e-14,4,2.58926598845209
339.5,-14.7007321829732,-57.6298877209888,-159.140211806857,-75.3257421406461,-106.350846481654,21.3631096539524,98.662850510899,95.7102819344067,-1085.06179107233,-1660.86205123811,321.285938753191,-495.338926784152,5.6843418860808e-14,4,2.60091504114044
340,-14.8494904356492,-57.6018246655978,-159.002870789358,-75.1932895022154,-107.862610809615,19.0433583992325,99.1077798109785,95.0211219523105,-1091.85888038825,-1679.57485691487,319.40726953019,-497.047289459389,2.8421709430404e-14,4,2.61258413084691
340.5,-15.0003548775439,-57.5770015252353,-158.864913636114,-75.0617956701488,-109.383730094556,16.6976400890892,99.5500790430202,94.3296065208205,-1098.53128011448,-1698.252765753,317.498612669128,-498.730808946222,1.4210854715202e-14,4,2.62427111119429
341,-15.1533383781813,-57.5554543280009,-158.726344028973,-74.9312638920105,-110.91402420812,14.3260109879569,99.98970644152,93.6357699968443,-1105.06892869575,-1716.8844727127,315.559801922919,-500.389698785221,7.105427357601e-15,4,2.63597376212956
341.5,-15.3084535470949,-57.5372190127942,-158.587165707952,-74.801697367855,-112.453298813992,11.9285433882079,100.426620013409,92.9396464360734,-1111.46142777451,-1735.45820133933,313.5906758371,-502.024179189498,7.105427357601e-15,4,2.64768978880592
342,-15.4657127137681,-57.522331406597,-158.447382471544,-74.6730992506515,-114.001344898366,9.50532627003769,100.860777544674,92.2412695837072,-1117.69803976842,-1753.9616964515,311.591077698354,-503.634477055933,7.105427357601e-15,4,2.65941682051228
342.5,-15.6251279069217,-57.510827200832,-158.306998177023,-74.5454726467221,-115.557938297473,7.0564659710984,101.292136606907,91.5406728651649,-1123.76768606202,-1772.38221742522,309.56085547945,-505.220825972179,1.4210854715202e-14,4,2.67115240965501
343,-15.7867108331422,-57.5027419267844,-158.166016740737,-74.4188206161921,-117.122839223044,4.58208686501245,101.720654563769,90.8378893767901,-1129.65894586471,-1790.70653213826,307.499861780623,-506.783466219506,7.105427357601e-15,4,2.68289403079738
343.5,-15.9504728548517,-57.4981109300765,-158.024442138391,-74.2931461734534,-118.695791786696,2.08233204779529,102.146288577379,90.1329518765543,-1135.36005578866,-1808.9209116412,305.407953767401,-508.322644771485,2.8421709430404e-14,4,2.6946390797616
344,-16.1164249676155,-57.4969693441839,-157.882278405323,-74.1684522876413,-120.276523524245,-0.44263596886059,102.568995614606,89.4258927747662,-1140.8589102023,-1827.01112562439,303.284993104921,-509.838615288585,1.4210854715202e-14,4,2.70638487279938
344.5,-16.284577776791,-57.499352062984,-157.739529636773,-74.0447418831235,-121.864744921102,-2.99263455860301,102.988732453273,88.7167441247894,-1146.14306241614,-1844.96243875271,301.13084588875,-511.331638108708,1.4210854715202e-14,4,2.71812864583633
345,-16.4549414735175,-57.5052937123311,-157.596199988137,-73.9220178400023,-123.460148939907,-5.56746027699184,103.405455688258,88.0055376137776,-1151.19972675951,-1862.75960794217,298.945382572257,-512.801980233715,3.5527136788005e-14,4,2.72986755379633
345.5,-16.6275258100538,-57.5148286206519,-157.452293675222,-73.8002829946299,-125.062410551717,-8.16688815498398,103.819121737499,87.2923045534308,-1156.01578160756,-1880.38688065477,296.728477890553,-514.249915312006,1.4210854715202e-14,4,2.74159867001175
346,-16.8023400744663,-57.5279907885591,-157.307814974484,-73.6795401401359,-126.671186272086,-10.7906709908063,104.229686847878,86.5770758707781,-1160.57777341939,-1897.82799429007,294.48001078106,-515.675723617193,1.4210854715202e-14,4,2.75331898572572
346.5,-16.9793930646783,-57.5448138574798,-157.162768223261,-73.5597920269683,-128.286113703488,-13.4385386417881,104.637107101009,85.8598820989933,-1164.87192184842,-1915.06617675382,292.199864300739,-517.079692022946,2.8421709430404e-14,4,2.76502540969279
347,-17.1586930618884,-57.5653310773033,-157.017157820004,-73.4410413634467,-129.906811085624,-16.1101973178493,105.041338418893,85.140753368248,-1168.88412598723,-1932.08414828534,289.887925540023,-518.462113974059,1.4210854715202e-14,4,2.77671476788442
347.5,-17.3402478033708,-57.5895752730477,-156.870988224488,-73.3232908163282,-131.532876855228,-18.8053288784508,105.442336569465,84.4197193966062,-1172.5999718089,-1948.86412462694,287.544085533513,-519.823289453814,2.8421709430404e-14,4,2.78838380330589
348,-17.5240644546717,-57.6175788105554,-156.724263958025,-73.2065430113865,-133.163889217063,-21.5235901349226,105.840057172002,83.6968094809695,-1176.00474086712,-1965.38782161938,285.168239167485,-521.163524947715,0,4,2.80002917593121
348.5,-17.7101495812194,-57.6493735612232,-156.576989603671,-73.0908005340026,-134.799405727928,-24.2646121602203,106.234455702412,82.9720524880718,-1179.08342031685,-1981.63646130816,282.760285084261,-522.483133403656,1.4210854715202e-14,4,2.81164746276286
349,-17.8985091193656,-57.6849908657808,-156.429169806412,-72.976065929769,-136.438962895518,-27.0279996082538,106.625487498377,82.2454768455349,-1181.82071431664,-1997.5907796454,280.320125583512,-523.782434188613,1.4210854715202e-14,4,2.82323515802311
349.5,-18.0891483468819,-57.724461497132,-156.280809273363,-72.8623417051052,-138.082075794127,-29.8133300450758,107.013107764368,81.5171105329842,-1184.20105687245,-2013.23103587215,277.847666520543,-525.061753041936,1.4210854715202e-14,4,2.83478867348377
350,-18.2820718529348,-57.7678156222757,-156.131912773942,-72.7496303278865,-139.728237699218,-32.6201532943149,107.397271576505,80.7869810732327,-1186.20862618138,-2028.53702366481,275.342817201639,-526.32142202532,2.8421709430404e-14,4,2.84630433894117
350.5,-18.4772835075684,-57.8150827633304,-155.982485140047,-72.6379342280843,-141.376919742992,-35.4479907993613,107.777933887282,80.0551155235371,-1187.82736053152,-2043.4880841285,272.805490276523,-527.561779469552,1.4210854715202e-14,4,2.85777840284323
351,-18.6747864307233,-57.8662917576847,-155.832531266229,-72.5272557984187,-143.027570593153,-38.2963350049303,108.155049530131,79.3215404669288,-1189.0409758117,-2058.0631207182,270.235601628013,-528.783169918108,1.4210854715202e-14,4,2.86920703307539
351.5,-18.8745829608279,-57.9214707173051,-155.682056109846,-72.4175973950235,-144.679616157134,-41.1646487607345,108.528573223832,78.5862820036266,-1189.83298468187,-2072.24061616584,267.633070258936,-529.985944067711,2.8421709430404e-14,4,2.8805863179121
352,-19.0766746229971,-57.9806469872318,-155.531064691226,-72.3089613381221,-146.332459314135,-44.052364750099,108.898459576771,77.8493657425334,-1190.18671745099,-2085.99865148898,264.997818176387,-531.170458705925,2.8421709430404e-14,4,2.89191226714043
352.5,-19.2810620968804,-58.0438471032998,-155.379562093816,-72.2013499127163,-147.985479677369,-46.95888494647,109.264663091029,77.1108167928216,-1190.08534470541,-2099.3149271523,262.329770273392,-532.337076645897,1.4210854715202e-14,4,2.90318081336225
353,-19.4877451842012,-58.111096749127,-155.227553464323,-72.0947653692857,-149.638033388969,-49.8835801008432,109.627138166304,76.3706597556113,-1189.51190172577,-2112.16678644913,259.628854208083,-533.48616665833,2.8421709430404e-14,4,2.91438781348127
353.5,-19.6967227760359,-58.182420712413,-155.075044012861,-71.9892099244994,-151.289452950073,-52.8257892632476,109.985839103669,75.6289187157447,-1188.44931472478,-2124.5312411647,256.895000280429,-534.618103400804,2.8421709430404e-14,4,2.92552905038094
354,-19.9079928198834,-58.2578428405993,-154.922039013076,-71.8846857619385,-152.939047088629,-55.7848193414905,110.340720109154,74.8856172336601,-1186.88042893262,-2136.38499957689,254.128141306639,-535.733267344528,7.105427357601e-15,4,2.93660023479891
354.5,-20.1215522865773,-58.3373859959438,-154.768543802286,-71.7811950328301,-154.586100667504,-58.75994470044,110.691735297152,74.1407783373702,-1184.78803854944,-2147.70449684319,251.328212491305,-536.832044698649,2.8421709430404e-14,4,2.94759700740373
355,-20.3373971371017,-58.4210720100695,-154.614563781598,-71.6787398567922,-156.229874635496,-61.7504068051984,111.038838693644,73.3944245145465,-1182.15491857734,-2158.46592781517,248.495151297375,-537.914827332193,2.8421709430404e-14,4,2.95851494107857
355.5,-20.5555222893687,-58.5089216380497,-154.46010441603,-71.5773223225899,-157.869606023862,-64.7554139115524,111.381984239248,72.6465777047137,-1178.96385853587,-2168.64528231286,245.628897314043,-538.98201269378,7.105427357601e-15,4,2.96934954341705
356,-20.7759215850252,-58.6009545120979,-154.305171234632,-71.4769444889016,-159.504507990989,-67.7741408071394,111.721125792077,71.8972592915576,-1175.19769805637,-2178.21838288213,242.729392122645,-540.034003729182,2.8421709430404e-14,4,2.98009625943505
356.5,-20.9985877563564,-58.697189094936,-154.149769830594,-71.3776083850967,-161.133769917788,-70.8057286067876,112.056217130409,71.1464900953481,-1170.83936434106,-2187.16092504788,239.796579160657,-541.071208796865,4.2632564145606e-14,4,2.99075047450264
357,-21.2235123933583,-58.7976426329174,-153.993905861358,-71.279316012023,-162.756557556401,-73.8492846054953,112.387211955177,70.3942903654818,-1165.87191146227,-2195.44852006439,236.830403583879,-542.094041581599,2.8421709430404e-14,4,3.00130751749917
357.5,-21.4506859110557,-58.9023311089881,-153.837585048721,-71.1820693428051,-164.372013234749,-76.9038821925184,112.71406389225,69.6406797731454,-1160.2785614669,-2203.05674015242,233.8308121269,-543.10292100626,2.8421709430404e-14,4,3.01176266419412
358,-21.6800975171437,-59.0112691955726,-153.680813178941,-71.0858703236518,-165.979256119393,-79.9685608299969,113.036726494534,68.8856774041022,-1154.04274723924,-2209.96116619932,230.797752961942,-544.098271141928,2.8421709430404e-14,4,3.02211114085593
358.5,-21.9117351800372,-59.1244702074777,-153.523596102834,-70.9907208746749,-167.57738253912,-83.0423260995248,113.355153243867,68.1293017516061,-1147.14815706361,-2216.1374378849,227.731175556172,-545.080521116383,2.8421709430404e-14,4,3.03234812808995
359,-22.1455855974127,-59.2419460549094,-153.365939735874,-70.8966228907165,-169.165466371555,-86.1241498199934,113.669297552719,67.3715707094419,-1139.57878081546,-2221.56130618116,224.631030527572,-546.050105021129,2.8421709430404e-14,4,3.04246876490615
359.5,-22.3816341653319,-59.3637071967045,-153.207850058287,-70.8035782421865,-170.74255949502,-89.2129702399597,113.97911276569,66.6125015650973,-1131.31895769658,-2226.20868815857,221.497269499483,-547.007461817027,2.8421709430404e-14,4,3.05246815301645
360,-22.6198649480404,-59.4897625938845,-153.049333115143,-70.7115887759093,-172.307692307692,-92.3076923076922,114.2845521608,65.852110993066,-1122.3534254166,-2230.05572401566,218.329844953888,-547.953035238671,2.8421709430404e-14,4,3.06234136136057
